Workbook

Sheet Kompetenzraster
B1: Kompetenzraster 1.Semester Sanitärinstallateur/in EFZ | I1: Semesterstart: | J1: 45879 | K1: Schultag: | L1: Donnerstag | R1: Klasse SAIa 25-29
B3: Handlungsfelder und Kompetenzen | M3: Bewertung / Benotung | R3: Unterichtsplanung 1. Semester
B5: HF 1 (PDA) | E5: Auftrag 1.1 | G5: Auftrag 1.2 | J5: Auftrag 1.3 | M5: Zeugnisnote | Q5: 1 | R5: =J1+4 -> 45883 | S5: Allgemeine Infos zum Schulbetrieb / ICT
E6: 5 Schultage (10L) | G6: 8 Schultage (16L) | J6: 2 Schultage (4L) | M6: Die Zeugnisnote setzt sich aus den Leistungsnachweisen und Kompetenzprüfungen zusammen. Die Note aus den Leistungsnachweisen zählt zu ca. 30% an die Zeugnisnote. Alle Noten der Prüfungen zählen zu ca. 60% an die Zeugnisnote. | R6: 1.12
B7: Planen der Arbeiten | E7: Sie rechnen Masse aus Plänen in Baumasse um. | F7: Sie interpretieren einfache Architekturpläne. | G7: Sie verstehen die Grundlagen des technischen Zeichnens und können diese anwenden. | H7: Sie können die drei Ansichten aus der Vorgabe einer Normalprojektion erstellen. | I7: Sie können aus der Vorgabe der drei Ansichten dreidimensionale Körper erstellen. | J7: Sie erläutern einen einfachen Stromkreislauf. | K7: Sie erläutern die Gefahren von Strom und beschreiben den Personen- und Sachschutz. | Q7: 2 | R7: =R5+7 -> 45890 | S7: Trinkwasser, Eigenschaften & Gewinnung
R8: 1.4 1.1 | S8: Masse und Flächen berechnen
J9: Sie beschreiben, bei welchen Situationen eine PSA getragen werden muss. | Q9: 3 | R9: =R7+7 -> 45897 | S9: Trinkwasser, Eigenschaften & Gewinnung
E10: Sie berechnen Längen- und Höhenmasse. | F10: Sie berechnen den Platzbedarf (Fläche) von Apparaten und Anlagen anhand von Planvorgaben. | K10: Sie erklären, welche Reparatur- und Wartungsarbeiten an Maschinen erlaubt sind. | R10: 1.4 1.1 | S10: Masse und Flächen berechnen
J11: Sie erläutern die Gefahren auf der Baustelle und in der Werkstatt. | Q11: 4 | R11: =R9+7 -> 45904 | S11: Trinkwasser, Eigenschaften & Gewinnung
R12: 1.4 1.1 | S12: Masse und Flächen berechnen
Q13: 5 | R13: =R11+7 -> 45911 | S13: Trinkwasser, Eigenschaften & Gewinnung
B14: HF 1 (PDA) | E14: Auftrag 1.12 | M14: Leistungsnachweise | R14: 1.4 1.1 | S14: Masse und Flächen berechnen
E15: 1 Schultag (4L) | M15: Die Note der Leistungsnachweise entsteht aus den während des Semestes erzielten Punkten. | Q15: 6 | R15: =R13+7 -> 45918 | S15: Wasserleitungsmaterialien & Verbindungen
B16: Planen der Arbeiten | E16: Sie beherschen ihr Arbeitsgerät (Convertible) und können die Software korrekt bedienen. | R16: 1.5 1.1 | S16: Arbeitssicherheit & Elektrizität
Q17: 7 | R17: =R15+7 -> 45925 | S17: Wasserleitungsmaterialien & Verbindungen
R18: 1.5 1.3 | S18: Arbeitssicherheit & Elektrizität
M19: Planen der Arbeiten | Q19: 8 | R19: =R17+28 -> 45953 | S19: Wasserleitungsmaterialien & Verbindungen
M20: Auftrag 1.1 | N20: 2 | R20: 1.5 1.3 | S20: Arbeitssicherheit & Elektrizität
M21: Auftrag 1.2 | N21: 3 | Q21: 9 | R21: =R19+7 -> 45960 | S21: Wasserleitungsmaterialien & Verbindungen
M22: Auftrag 1.3 | N22: 1 | R22: 1.5 1.2 | S22: Grundlagen technisches Zeichnen
B23: HF 2 (MVS) | E23: Auftrag 1.4 | G23: Auftrag 1.5 | M23: Auftrag 1.12 | N23: 1.5 | Q23: 10 | R23: =R21+7 -> 45967 | S23: WAS Leitungsmaterialien & Verbindungen
E24: 4 Schultage (12L) | G24: 4 Schultage (12L) | M24: Total Punkte | N24: =SUM(N20:O23) -> 7.5 | R24: 1.6 1.2 | S24: Grundlagen technisches Zeichnen
B25: Montieren von Sanitäranlagen | E25: Sie beschreiben die wichtigsten Eigenschaften von Wasser. | F25: Sie beschreiben die Funktionsweise der Wasserversorgung. | G25: Sie unterscheiden die Systeme für Wasserleitungen nach Material und Verwendungszweck. | H25: Sie ordnen die gebräuchlichen Armaturen den Armaturengruppen korrekt zu. | I25: Sie beschreiben die Materialeigenschaften der verschiedenen Rohrsysteme aus Kunststoff und Metall. | Q25: 11 | R25: =R23+7 -> 45974 | S25: WAS Leitungsmaterialien & Verbindungen
M26: Montieren von Sanitäranlagen | R26: 1.6 1.2 | S26: Grundlagen technisches Zeichnen
M27: Auftrag 1.4 | N27: 1.5 | Q27: 12 | R27: =R25+7 -> 45981 | S27: WAS Leitungsmaterialien & Verbindungen
E28: Sie erklären die Trink-wassergewinnung. | F28: Sie benennen die gängigen Vorschriften bezüglich Wasserhygiene. | G28: Sie benennen die Verbindungen und Dichtungsmaterialien der verschiedenen Installationssysteme. | M28: Auftrag 1.5 | N28: 1.5 | R28: 1.6 1.2 | S28: Grundlagen technisches Zeichnen
M29: Auftrag 1.6 | N29: 1.5 | Q29: 13 | R29: =R27+7 -> 45988 | S29: WAS Leitungsmaterialien & Verbindungen
M30: Auftrag 1.8 | N30: 2 | R30: 1.6 1.2 | S30: Grundlagen technisches Zeichnen
M31: Auftrag 1.9 | N31: 2 | Q31: 14 | R31: =R29+7 -> 45995 | S31: Die wichtigsten Sanitärapparate
B32: HF 4/7 (MVS) | E32: Auftrag 1.6 | H32: Auftrag 1.8 | J32: Auftrag 1.9 | M32: Total Punkte | N32: =SUM(N27:O31) -> 8.5 | R32: 1.8 1.2 | S32: Grundlagen technisches Zeichnen
E33: 4 Schultage (12L) | H33: 3 Schultage (9L) | J33: 2 Schultage (5L) | Q33: 15 | R33: =R31+7 -> 46002 | S33: Die wichtigsten Sanitärapparate
B34: Montieren von Sanitäranlagen | E34: Sie beschreiben die unterschiedlichen Abwasserarten. | F34: Sie unterscheiden die Systeme von Entsorgungsleitungen nach Verwendungszweck. | G34: Sie beschreiben die Materialen und Werkstoffe, die bei Entsorgungsleitungen eingesetzt werden. | H34: Sie beschreiben die gebräuchlichen Entwässerungsgegenstände. | J34: Sie erklären den organisatorischen Ablauf bei der Entsorgung von Abfällen. | K34: Sie benennen die relevanten Umweltvorschriften im Zusammenhang mit der Vermeidung und Entsorgung von Abfällen. | R34: 1.8 1.2 | S34: Grundlagen technisches Zeichnen
Q35: 16 | R35: =R33+7 -> 46009 | S35: Die wichtigsten Sanitärapparate
R36: 1.8 1.2 | S36: Grundlagen technisches Zeichnen
E37: Sie beschreiben die verschiedenen Rohrmaterialien für Entsorgungsleitungen. | F37: Sie erläutern die Verbindungsmöglichkeiten der verschiedenen Installationssysteme. | G37: Sie bestimmen geeignete Befestigungen mit Hilfe von Montagebüchern. | J37: Sie erläutern den Recycling-Kreislauf und erläutern die Gefahren von Sonderabfällen. | Q37: 17 | R37: =R35+21 -> 46030 | S37: Abfallentsorgung
R38: 1.9 1.2 | S38: Grundlagen technisches Zeichnen
Q39: 18 | R39: =R37+7 -> 46037 | S39: Abfallentsorgung / Besprechung Zeugnis
R40: 1.9 1.11 | S40: Leitungsisometrie
Q41: 19 | R41: =R39+7 -> 46044 | S41: Skitag Savognin
B44: Fachgruppe Sanitär Spengler | K44: ARTO I ITM I sanitärlernen.ch | R44: Kanton St.Gallen Gewerbliches Berufs- und Weiterbildungszentrum

Sheet ST_1_KW33
A1: Unterrichtsplanung BKU | F1: =Kompetenzraster!R5 -> 45883 | I1: 1
A4: Themen:
A5: ICT Grundlagen | I5: 1.12
A8: Lernziele
B9: °Sie kennen Ihren Login und können sich in den Portalen der Schule (mygbs / NESA) anmelden.
B10: °Sie kennen die Plattform Microsoft Teams und myPlanner, myGBS, myDrive, myMail, MyEDU
B11: °Sie wissen wie man eine Aufgabe entgegennimmt und ein PDF bearbeitet.
B12: °Sie wissen wie man ein Dokument auf OneDrive abspeichert und eine Aufgabe abgiebt.
A14: Zeit | C14: min. | D14: Inhalt | H14: SF | I14: Material / Links
B17: Lektion 1 | C17: 5' | D17: *Begrüssung und Einführung | H17: PL
B18: 12:50 - 13:35 | C18: 10' | D18: *Vorstellung von Klassenlehrperson | H18: LV
C19: 30' | D19: *Kennenlernrunde | H19: PL
B21: Lektion 2 | C21: 10' | D21: * Präsentation Schule | H21: PL
B22: 13:40 - 14:25 | C22: 10' | D22: * Login und Erkärung myGBS / NESA
C23: 25' | D23: * Installation Convertible / GBS Login der Schule
B25: Lektion 3 | C25: 20' | D25: *Erklärung Teams und alle Funktionen | H25: LV
B26: 14:30 - 15:15 | C26: 10' | D26: *Ordnerstruktur | H26: LV
C27: 15' | D27: *Start mit Lernauftrag 1.12 | H27: EA
A29: Pause 15:15-15:30Uhr
B32: Lektion 4 | C32: 25' | D32: * Erklärung & Einrichtung OneDrive | H32: LV
B33: 15:30 - 16:15 | C33: 10' | D33: * Bearbeitung Onedrive | H33: EA
C34: 10' | D34: *NESA | H34: PL
B36: Lektion 5 | C36: 45' | D36: * Auftrag Leistungsnachweis | H36: EA
B37: 16:20 - 17:05
A41: Hausaufgaben: | E41: Administratives: | G41: Ausblick nächste Woche:
A43: 1.12_LNW fertigstellen | E43: Taschenrechner mitnehmen! | G43: Wasser und seine besonderen
G44: Eigenschaften
G47: SI Einheiten

Sheet ST_2_KW34 
A1: Unterrichtsplanung BKU | F1: =Kompetenzraster!R7 -> 45890 | I1: 2
A4: Themen:
A5: Trinkwasser, Eigenschaften & Gewinnung | I5: 1.4
A7: Masse und Flächen berechnen | I7: 1.1
A10: Lernziele
B11: * Sie beschreiben die wichtigsten Eigenschaften von Wasser.
B12: * Wasserkreislauf & Verteilung auf der Erde
B13: *Sie können den Taschenrechner bedienen kennen die wichtigsten Funktionen.
B14: *Sie kennen den Sinn der SI-Einheiten und können Einheiten umrechnen.
A16: Zeit | C16: min. | D16: Inhalt | H16: SF | I16: Material / Links
B19: Lektion 1 | C19: 20' | D19: *Sichtung IT Und 1.12LNW | H19: PL
B20: 12:50 - 13:35 | H20: PL
C21: 15' | D21: * Einstieg mit Film - Wasser und seine besonderen Eigenschaften | H21: EA
C22: 10' | D22: * Start mit Aufgabe 1-5 | H22: EA
B23: Lektion 2 | C23: 5' | D23: * Spezielle Eigenschaften von Wasser kennenlernen
B24: 13:40 - 14:25 | H24: EA
C25: 40' | D25: * Aufgabe 6 | H25: EA
B27: Lektion 3 | C27: 5' | D27: * Wasserkreislauf & Verteilung auf der Erde | H27: PL
B28: 14:30 - 15:15 | C28: 40' | D28: * Aufgabe 7- 9 | H28: EA
A31: Pause 15:15-15:30Uhr
B34: Lektion 4 | C34: 10' | D34: * Einstieg Sinn vom Rechnen | H34: PL
B35: 15:30 - 16:15 | C35: 35' | D35: * Selbständige Bearbeitung Auftrag 1 | Kapitel 1 | Seite 6-11 | H35: EA
B38: Lektion 5 | C38: 10' | D38: * SI Einheiten | H38: LV | I38: suissetecEdu
B39: 16:20 - 17:05 | C39: 20' | D39: * SI Einheiten umrechnen / Übungen Stufe 1-3 | H39: EA | I39: 1.1_Uebungen_1.pdf
C40: 15' | D40: * Abschluss | H40: PL
A43: Hausaufgaben: | E43: Administratives: | G43: Ausblick nächste Woche:
A45: Übungen fertigstellen Stufe 1-3 | E45: Taschenrechner mitnehmen! | G45: Einstieg und Erklärung SVGW W3 Norm
G46: Wichtigste Grundsätze Hygiene
G47: Umrechnen von Massen aus Plänen

Sheet ST_03_KW35
A1: Unterrichtsplanung BKU | F1: =Kompetenzraster!R9 -> 45897 | I1: 3
A4: Themen:
A5: Trinkwasser, Eigenschaften & Gewinnung | I5: 1.4
A7: Masse und Flächen berechnen | I7: 1.1
A10: Lernziele
B11: * Sie benennen die gängigen Vorschriften bezüglich Wasserhygiene
B12: * Sie beschreiben die Trinkwassergewinnung
B13: * Sie rechnen Masse aus Plänen in Baumasse um.
B14: *Sie kennen den Sinn der SI-Einheiten und können Einheiten umrechnen.
A16: Zeit | C16: min. | D16: Inhalt | H16: SF | I16: Material / Links
B19: Lektion 1 | C19: 10' | D19: * Einstieg mit Film - Wasser und seine besonderen Eigenschaften | H19: PL
B20: 12:50 - 13:35 | C20: 15' | D20: * Besprechung Fragen 1-5 | H20: PL
C21: 20' | D21: *Der Wasserkreislauf | H21: LV
B23: Lektion 2 | C23: 10' | D23: *Ergänzung der Zeichnung Frage 6 | H23: EA
B24: 13:40 - 14:25 | C24: 5' | D24: *Wasservorkommen auf der Erde | H24: PL
C25: 30' | D25: *Bearbeitung der Frage 8-9 | H25: EA
B27: Lektion 3 | C27: 10' | D27: *Vorstellung der Richtlinie W3 | H27: LV | I27: W3 Richtlinie
B28: 14:30 - 15:15 | C28: 20' | D28: *Beantwortung Fragen 10-13 | H28: EA
C29: 10' | D29: *Sie lesen die Theorie S.9-11 | H29: EA | I29: suissetecEdu
C30: 5' | D30: *Abschluss Frage 13 | H30: EA
A31: Pause 15:15-15:30Uhr
B34: Lektion 4 | C34: 10' | D34: * Einstieg Sinn vom Rechnen | H34: PL
B35: 15:30 - 16:15 | C35: 15' | D35: *Kontrolle 1.1_Übungen_1 / Stufe 1-3 | H35: PL
C36: 20' | D36: *Selbständiger Start mit Auftrag 4 | H36: EA
B38: Lektion 5 | C38: 10' | D38: *Gemeinsame Kontrolle Fragen 1-10 | H38: PL
B39: 16:20 - 17:05 | C39: 15' | D39: *Vorstellung der Höhenmasse Auftrag 5 | H39: LV
C40: 10' | D40: *Selbständige Übung 1 a,b,c + 2 a,b,c | H40: EA
C41: 10' | D41: *Abschluss & Ausblick | H41: PL
A43: Hausaufgaben: | E43: Administratives: | G43: Ausblick nächste Woche:
A45: Auftrag bis und mit Frage 13 fertigstellen | E45: Taschenrechner mitnehmen! | G45: Leistungsnachweis
G46: Trinkwassergewinnung
A49: Übung 1 a,b,c + 2 a,b,c fertigstellen | G49: Flächenberechnungen

Sheet ST_4_KW36
A1: Unterrichtsplanung BKU | F1: =Kompetenzraster!R11 -> 45904 | I1: 4
A4: Themen:
A5: Trinkwasser, Eigenschaften & Gewinnung | I5: 1.4
A7: Masse und Flächen berechnen | I7: 1.1
A10: Lernziele
B11: * Sie benennen die gängigen Vorschriften bezüglich Wasserhygiene
B12: * Sie beschreiben die Trinkwassergewinnung
B13: * Sie rechnen Masse aus Plänen in Baumasse um.
B14: *Sie kennen den Sinn der SI-Einheiten und können Einheiten umrechnen.
A16: Zeit | C16: min. | D16: Inhalt | H16: SF | I16: Material / Links
B19: Lektion 1 | C19: 5' | D19: * Einstieg | H19: PL
B20: 12:50 - 13:35 | C20: 30' | D20: *Einstieg mit Quiz | H20: PL
C21: 10' | D21: *Bearbeitung Fragen 14-17 | H21: EA
B23: Lektion 2 | C23: 10' | D23: *Erklärung Auftrag 4 | H23: PL
B24: 13:40 - 14:25 | C24: 15' | D24: *Sie lesen die Theorie S.13-18 | H24: EA | I24: suissetecEdu
C25: 20' | D25: *Start mit Auftrag 4
B27: Lektion 3 | C27: 45' | D27: *Arbeit an Leistungsnachweis 1.4 | H27: EA
B28: 14:30 - 15:15
A31: Pause 15:15-15:30Uhr
B34: Lektion 4 | C34: 10' | D34: *Kontrolle Auftrag 5_Übung 1 a,b,c + 2 a,b,c | H34: PL
B35: 15:30 - 16:15 | C35: 35' | D35: *Selbständiges Bearbeiten der Übung 3 + 4 A-E | H35: EA
B38: Lektion 5 | C38: 20' | D38: *Einstieg Flächenberechnung / Formeln ergänzen | H38: LV
B39: 16:20 - 17:05 | C39: 15' | D39: *Start mit Aufgabe 11 + 12 | H39: EA | I39: suissetecEdu
C40: 10' | D40: *Abschluss und Ausblick | H40: PL
A43: Hausaufgaben: | E43: Administratives: | G43: Ausblick nächste Woche:
A45: GrafIZ LA 1.4_Auftrag 4 in Teams abgeben | G45: Funktion der Wasserversorgung
A46: bis am 11.09.2025
A49: Fertigstellen Lernauftrag 1.1 bis und mit | G49: Flächenberechnung
A50: Seite 11 (nicht abzugeben, wird aber kontr.)

Sheet ST_5_KW37 
A1: Unterrichtsplanung BKU | F1: =Kompetenzraster!R13 -> 45911 | I1: 5
A4: Themen:
A5: Trinkwasser, Eigenschaften & Gewinnung | I5: 1.4
A7: Masse und Flächen berechnen | I7: 1.1
A10: Lernziele
B11: * Sie beschreiben die Funktionsweise der Wasserversorgung.
B12: * Sie beschreiben die Trinkwassergewinnung
B13: * Sie rechnen Masse aus Plänen in Baumasse um.
B14: *Sie können einfache Längen und Flächen berechnen und umrechnen.
A16: Zeit | C16: min. | D16: Inhalt | H16: SF | I16: Material / Links
B19: Lektion 1 | C19: 10' | D19: * Einstieg mit Filmen über Wasserversorgung | H19: PL
B20: 12:50 - 13:35 | C20: 25' | D20: * Theorie lesen "Kaltwasserversorgung" | H20: EA
D21: Kapitel 2.2 bis 2.6 / Seite 18 - 24
C22: 10' | D22: * Ausfüllen Repetitionsfragen suissetec EDU S.25 (8-14) | H22: EA | I22: suissetecEdu
B23: Lektion 2 | C23: 35' | D23: * Sichtung Werkleitungen im Labor | H23: PL
B24: 13:40 - 14:25 | C24: 10' | D24: * Lernauftrag 1.4 Fragen 18-23 | H24: EA
B27: Lektion 3 | C27: 20' | D27: * Lernauftrag 1.4 abschliessen | H27: EA
B28: 14:30 - 15:15 | C28: 25' | D28: * Üben für Prüfung 1.4 | H28: EA
A31: Pause 15:15-15:30Uhr
B34: Lektion 4 | C34: 20' | D34: * Gemeinsamer Einstieg | Kontrolle Auftrag 7 LA1.1 | H34: PL
B35: 15:30 - 16:15 | C35: 10' | D35: * Gemeinsames lösen | Aufgabe 13 auf Seite 12 | H35: PL | I35: suissetecEdu
C36: 15' | D36: * Selbständiges Lösen Aufgabe 14 (danach die Übungen 1.1_2) | H36: EA
B38: Lektion 5 | C38: 20' | D38: * 1.1 Übungen_2 Flächenberechnungen selbständig lösen | H38: EA | I38: 1.1_Uebungen_2.pdf
B39: 16:20 - 17:05 | C39: 20' | D39: * Erstellen sie ein PDF mit den gängisten Formeln (Flächenberechn.) | H39: EA
C40: 5' | D40: * Ausblick auf nächste Woche | H40: PL
A43: Hausaufgaben: | E43: Administratives: | G43: Ausblick nächste Woche:
A45: Üben für Prüfung 1.4 | G45: Prüfung 1.4 Kaltwasserversorgung
A48: 1.1_Übungen_2 fertigstellen und
A49: selbstständig korrigieren
A50: (Nur Übung 1-6)

Sheet ST_6_KW38_
A1: Unterrichtsplanung BKU | F1: =Kompetenzraster!R15 -> 45918 | I1: 6
A3: Themen:
A4: Leitungsmaterialien & Verbindungen | I4: 1.5
A6: Masse und Flächen berechnen | I6: 1.1
A9: Lernziele
B10: * Sie beschreiben die Materialeigenschaften der verschiedenen Rohrsysteme aus Kunststoff.
B11: * Sie unterscheiden die Systeme für Wasserleitungen nach Material und Verwendungszweck.
B12: * Sie benennen die Verbindungen und Dichtungsmaterialien der verschiedenen Installationssysteme.
B13: * Sie rechnen Masse aus Plänen in Baumasse um.
B14: *Sie können einfache Längen und Flächen berechnen und umrechnen.
A16: Zeit | C16: min. | D16: Inhalt | H16: SF | I16: Material / Links
B19: Lektion 1 | C19: 5' | D19: *Einstieg & Unterrichtsablauf | H19: PL
B20: 12:50 - 13:35 | C20: 10' | D20: *Einstiegsdiskussion über "Plastik" | H20: PL
C21: 10' | D21: *Gemeinsame Betrachtung Filme Kunststoffarten | H21: PL
C22: 10' | D22: *Sichtung verschiedener Kunststoffe | H22: PL
B23: Lektion 2 | C23: 30' | D23: * Sie lesen Seite 45-50 und lösen anschliessend die | H23: EA | I23: suissetecEdu
B24: 13:40 - 14:25 | D24: Repetitionsaufgaben 41-49 auf suissetec edu
C25: 15' | D25: * Start mit Lernauftrag 1.5 | H25: EA
D26: Fragen 1+2 selbständig bearbeiten
B27: Lektion 3 | C27: 15' | D27: *Gruppenarbeit 1.5 | H27: GA
B28: 14:30 - 15:15 | C28: 25' | D28: *Selbständige Bearbeitung Lernauftrag 1.5 bis und mit Auftrag 2
C29: 25' | D29: Prüfung 1.4 | H29: EA | I29: keine Hilfsmittel!
A31: Pause 15:15-15:30Uhr
B34: Lektion 4 | C34: 15' | D34: *Gemeinsamer Start mit Auftrag 8 / Aufgabe 15 | H34: EA
B35: 15:30 - 16:15 | C35: 30' | D35: *Selbständige Arbeit an 16+17 und danach an den Übungen | H35: EA
I36: 1.1_Uebungen_2.pdf
I37: 1.1_Übungen_3
B38: Lektion 5 | C38: 15' | D38: *Abschluss 1.1_Übung 3 | H38: EA
B39: 16:20 - 17:05 | C39: 5' | D39: *Erklärung Prüfung "Einheiten umrechnen" | H39: EA
C40: 10' | D40: *Üben für Prüfung Einheiten umrechnen (Länge,Fläche, Volumen) | H40: EA
C41: 5' | D41: *Abschluss & Ausblick | H41: PL
A43: Hausaufgaben: | E43: Administratives: | G43: Ausblick nächste Woche:
G45: Herstellung Kunststoff- und Stahlrohren
A48: 1.1Übungen 3 fertigstellen und selber korr. | G48: Arbeitssicherheit PSA / Gefahren auf der
G49: Baustelle
A50: Lernen für Prüfung "Einheiten umrechnen"

Sheet ST_7_KW39 
A1: Unterrichtsplanung BKU | F1: =Kompetenzraster!R17 -> 45925 | I1: 7
A3: Themen:
A4: Leitungsmaterialien & Verbindungen | I4: 1.5
A6: Arbeitssicherheit / Umgang mit Maschinen | I6: 1.3
A9: Lernziele
B10: *Sie beschreiben die Materialeigenschaften der verschiedenen Rohrsysteme aus Metall.
B11: *Sie unterscheiden die Systeme für Wasserleitungen nach Material und Verwendungszweck.
B12: *Sie benennen die Verbindungen und Dichtungsmaterialien der verschiedenen Installationssysteme.
B14: *Sie erläutern die Gefahren auf der Baustelle und in der Werkstatt.
A16: Zeit | C16: min. | D16: Inhalt | H16: SF | I16: Material / Links
B19: Lektion 1 | C19: 30' | D19: *Prüfung Masseinheiten umwandeln | H19: EA
B20: 12:50 - 13:35
C22: 15' | D22: *Prüfungsbesprechung 1.4 | H22: PL
B23: Lektion 2 | C23: 15' | D23: *Fertigstellung Auftrag 1.5 Fragen 1-12 | H23: EA
B24: 13:40 - 14:25 | C24: 5' | D24: *Einstieg mit Film "Herstellung von Stahlrohren"
C25: 25' | D25: *Betrachtung von Stahlrohrsystemen
B27: Lektion 3 | C27: 10' | D27: *Auftrag 3 Fragen 13 - 17 | H27: EA
B28: 14:30 - 15:15 | C28: 10' | D28: *Gemeinsame Bearbeitung 13-17 | H28: PL
C29: 25' | D29: *Selbständige Bearbeitung Fragen 19-22 | H29: EA
A31: Pause 15:15-15:30Uhr
B34: Lektion 4 | C34: 15' | D34: *Einstieg Diskussion Arbeitssicherheit | H34: PL
B35: 15:30 - 16:15 | C35: 10' | D35: *PSA was ist das? | H35: PL
C36: 10' | D36: *Bericht Suva lesen | H36: EA | I36: Bericht_SUVA
C37: 10' | D37: *Selbstständiges Lösen Fragen 1+2 | I37: 1.3_PSA_Übersicht.pdf
B38: Lektion 5 | C38: 25' | D38: *Die 10 Grundregeln der Arbeitssicherheit | H38: LV
B39: 16:20 - 17:05 | C39: 10' | D39: *Erklärung Leistungsnachweis 1.3 | H39: PL
C40: 10' | D40: *Abschluss und Ausblick | H40: PL
A43: Hausaufgaben: | E43: Administratives: | G43: Ausblick nächste Woche:
A45: Fertigstellung Fragen 1-22 Lernauftrag 1.5 | E45: Schulferien | G45: Verbundrohrsysteme
E46: 29.09.-20.10.2025
A47: 23.10.2024_Abgabe 1.3_Leistungsnachweis | E47: nächster Schultag: | G47: 1.3 Grundlagen Elektrotechnik
A48: Ausrüstung PSA" per Video link | E48: 45953 | G48: 1.3 Arbeitssicherheit / Chemikalien

Sheet ST_8_KW43
A1: Unterrichtsplanung BKU | F1: =Kompetenzraster!R19 -> 45953 | I1: 8
A3: Themen:
A4: Leitungsmaterialien & Verbindungen | I4: 1.5
A6: Arbeitssicherheit / Umgang mit Maschinen | I6: 1.3
A9: Lernziele
B10: *Sie beschreiben die Materialeigenschaften der verschiedenen Rohrsysteme.
B11: *Sie unterscheiden die Systeme für Wasserleitungen nach Material und Verwendungszweck.
B12: *Sie benennen die Verbindungen und Dichtungsmaterialien der verschiedenen Installationssysteme.
B13: * Sie erläutern einen einfachen Stromkreislauf
B14: *Sie erläutern die Gefahren von Strom und beschreiben den Personen- und Sachschutz
A16: Zeit | C16: min. | D16: Inhalt | H16: SF | I16: Material / Links
B19: Lektion 1 | C19: 10' | D19: *Einstieg | H19: PL
B20: 12:50 - 13:35 | C20: 20' | D20: *Gemeinsame Kontrolle des Auftrags 1.5 / Fragen 1-24 | H20: PL
C21: 15' | D21: *Sie lesen die Theorie "Suissetec EDU" S.33-34 | I21: suissetecEdu
B23: Lektion 2 | C23: 10' | D23: *Sie bearbeiten beide Spiele bis Sie alles richtig haben | H23: EA
B24: 13:40 - 14:25
C25: 35' | D25: *Selbständige Arbeit an Leistungsnachweis 1.5 | H25: EA
D26: *Selbständiges Üben für 1.5 Prüfung
B27: Lektion 3 | C27: 15' | D27: *Sichtung Videos "PSA" | H27: PL
B28: 14:30 - 15:15 | C28: 20' | D28: *Ergänzung Fragen 3-6 / Auftrag 1.3 | H28: EA
C29: 10' | D29: *Sie lesen die Theorie "suissetec EDU" S.12-17 | H29: EA
A31: Pause 15:15-15:30Uhr
B34: Lektion 4 | C34: 10' | D34: *Sie bearbeiten die Fragen 7-9 | H34: EA
B35: 15:30 - 16:15 | C35: 5' | D35: *Gemeinsame Kontrolle Fragen 1-9 | H35: PL
C36: 30' | D36: *Sie bearbeiten den Auftrag 5 im Lernauftrag 1.3 | H36: EA | I36: suissetecEdu
B38: Lektion 5 | C38: 25' | D38: *Selbständige Wissensbeschaffung / | H38: EA | I38: ChemieInfo.ch
B39: 16:20 - 17:05 | C39: 5' | D39: *Ausblick & Abschluss | H39: PL
A43: Hausaufgaben: | E43: Administratives: | G43: Ausblick nächste Woche:
A45: Abgabe LNW 1.5 bis am 30.10.2025 | G45: Verbundrohrsysteme
G46: Prüfung 1.5 in 2 Wochen/ 06.11.2025
G47: Grundlagen Fachzeichen / Isometrie

Sheet ST_9_KW44
A1: Unterrichtsplanung BKU | F1: =Kompetenzraster!R21 -> 45960 | I1: 9
A3: Themen:
A4: Leitungsmaterialien & Verbindungen | I4: 1.5
A6: Grundlagen Fachzeichen / Isometrie | I6: 1.2
A9: Lernziele
B10: *Sie unterscheiden die Systeme für Wasserleitungen nach Material und Verwendungszweck.
B11: *Sie benennen die Verbindungen und Dichtungsmaterialien der verschiedenen Installationssysteme.
B12: *Sie ordnen die gebräuchlichen Armaturen den Armaturengruppen korrekt zu.
B13: * Sie verstehen die Grundlagen des technischen Zeichnens und können Sie anwenden.
A16: Zeit | C16: min. | D16: Inhalt | H16: SF | I16: Material / Links
B19: Lektion 1 | C19: 10' | D19: *Einstieg & Unterrichtsplanung | H19: PL
B20: 12:50 - 13:35 | C20: 20' | D20: *Sie starten mit der Lernzielkontrolle und füllen diese komplett | H20: EA
D21: aus
C22: 15' | D22: *Sie komplettieren den gesamten Auftrag 1.3 | H22: EA
B23: Lektion 2 | C23: 35' | D23: *Arbeit an Leistungsnachweis | H23: EA
B24: 13:40 - 14:25
B27: Lektion 3 | C27: 45' | D27: *Selbständiges Üben für Prüfung 1.5 | H27: EA
B28: 14:30 - 15:15 | D28: Repetitionsfragen zum Üben suissetec EDU | I28: suissetecEdu
A31: Pause 15:15-15:30Uhr
B34: Lektion 4 | C34: 10' | D34: *Start mit Theorie zur Normschrift | H34: LV
B35: 15:30 - 16:15 | C35: 20' | D35: *Theorie lesen Seite 11-15, danach Übungen 1.2_1 lösen | H35: EA | I35: 1.2_Uebungen_1.pdf
C36: 15' | D36: *Start mit Auftrag 2 / Plankopf | H36: EA
B38: Lektion 5 | C38: 10' | D38: *Einführung Plankopf zeichnen | H38: EA
B39: 16:20 - 17:05 | C39: 30' | D39: *Selbständig Übungen 1.2_2 lösen | H39: EA | I39: 1.2_Uebungen_2.pdf
C40: 5' | D40: *Kontrolle der Arbeiten | H40: PL
A43: Hausaufgaben: | E43: Administratives: | G43: Ausblick nächste Woche:
A45: Üben für Prüfung 1.5 | G45: WAS Leitungsmaterialien &
A46: 45967 | G46: Verbindungen
G49: Grundlagen Fachzeichnen/ Isometrie
G50: Leistungsnachweis 1.2

Sheet ST_10_KW45
A1: Unterrichtsplanung BKU | F1: =Kompetenzraster!R23 -> 45967 | I1: 10
A3: Themen:
A4: WAS Leitungsmaterialien & Verbindungen | I4: 1.6
A6: Grundlagen Fachzeichen / Isometrie | I6: 1.2
A9: Lernziele
B10: *Sie beschreiben die unterschiedlichen Abwasserarten
B11: *Sie beschreiben die Materialien und Werkstoffe, die bei Entsorgungsleitungen eingesetzt werden
B13: * Sie verstehen die Grundlagen des technischen Zeichnens und können Sie anwenden.
A16: Zeit | C16: min. | D16: Inhalt | H16: SF | I16: Material / Links
B19: Lektion 1 | C19: 5' | D19: *Begrüssung & Start | H19: PL
B20: 12:50 - 13:35 | C20: 30' | D20: *Prüfung 1.5 | H20: EA | I20: Keine Hilfsmittel!
C22: 10' | D22: *Start mit Partnerinterview | H22: GA
B23: Lektion 2 | C23: 25' | D23: *Abschluss Partnerinterview | H23: GA
B24: 13:40 - 14:25
C25: 20' | D25: *Einstieg Abwasserentsorgung | H25: LV
B27: Lektion 3 | C27: 15' | D27: *Spiel "Bezeichnungen zuordnen" | H27: EA
B28: 14:30 - 15:15 | C28: 30' | D28: *Start mit Lernauftrag 1.6
A31: Pause 15:15-15:30Uhr
B34: Lektion 4 | C34: 25' | D34: *Sichtung der VideoCasts "Rohrsysteme" | H34: PL
B35: 15:30 - 16:15 | C35: 10' | D35: *Besprechung Vermassungsübung | H35: PL
C36: 10' | D36: *Weiterarbeit an Lernauftrag 1.2 | H36: EA
B38: Lektion 5 | C38: 10' | D38: *Fertigstellung Vermassungsübung und Abgabe | H38: EA
B39: 16:20 - 17:05 | C39: 10' | D39: *Start mit Auftrag 4 /Sie lesen die Theorie S.21-22
C40: 25' | D40: *Start mit 1.2Übung_4 | I40: 1.2_Uebungen_4.pdf
A43: Hausaufgaben: | E43: Administratives: | G43: Ausblick nächste Woche:
G45: Eigenschaften von Abwasserleitungen
G46: Werkstoffe von Abwasserleitungen
A49: Fertigstellung Vermassungsübung | G49: Isometrie & Normprojektion
A50: mind 2 Blätter

Sheet ST_11_KW46 (2)
A1: Unterrichtsplanung BKU | F1: =Kompetenzraster!R25 -> 45974 | I1: 11
A3: Themen:
A4: WAS Leitungsmaterialien & Verbindungen | I4: 1.6
A6: Grundlagen Fachzeichen / Isometrie | I6: 1.2
A9: Lernziele
B10: *Sie erläutern die Verbindungsmöglichkeiten der verschiedenen Installationssystemen
B11: *Sie beschreiben die Materialien und Werkstoffe, die bei Entsorgungsleitungen eingesetzt
B12: werden
B13: * Sie verstehen die Grundlagen des technischen Zeichnens und können Sie anwenden.
B14: *Sie können die drei Ansichten aus der Vorgabe einer Normprojektion erstellen.
A16: Zeit | C16: min. | D16: Inhalt | H16: SF | I16: Material / Links
B19: Lektion 1 | C19: 5' | D19: *Begrüssung und Start | H19: PL
B20: 12:50 - 13:35 | C20: 10' | D20: *Einstieg ins Thema ( Schweissübung) | H20: LV
C21: 5' | D21: *Herstellung von Polyethylenrohren | H21: PL
B23: Lektion 2 | C23: 30 | D23: *Vortrag in Gruppen vorbereiten | H23: LV
B24: 13:40 - 14:25 | C24: 10 | D24: *Vorstellung Vorträge | H24: GA
B27: Lektion 3 | C27: 25' | D27: *Vorstellung Vorträge | H27: PL
B28: 14:30 - 15:15 | C28: 20' | D28: *Weiterarbeit an Lernauftrag 1.6 / | H28: EA
D29: Erstellung MindMap Gusseisen& Verbindungen Kunststoffsysteme
A31: Pause 15:15-15:30Uhr
B34: Lektion 4 | C34: 10' | D34: *Start mit Auftrag 4 /Sie lesen die Theorie S.21-22 | H34: PL
B35: 15:30 - 16:15 | C35: 15' | D35: *Start mit 1.2Übung_4 / Aufgabe Beat | H35: LV
C36: 20' | D36: *Selbständige Arbeit an 1.2_Übung 4 | H36: EA | I36: 1.2_Übung_4
B38: Lektion 5 | C38: 35' | D38: *Selbständige Arbeit an 1.2_Übung 4 | H38: EA
B39: 16:20 - 17:05 | C39: 10' | D39: *Abschluss & Ausblick | H39: PL
A43: Hausaufgaben: | E43: Administratives: | G43: Ausblick nächste Woche:
A45: 1.6 MindMap Gusseisen fertigstellen | G45: Entsorgungssysteme zuordnen
G46: Befestigungstechnik
A48: Arbeit an 1.2_Leistungsnachweis Teil 1 | G48: Grundlagen zum technischen Zeichnen

Sheet ST_11_KW46
A1: Unterrichtsplanung BKU | F1: =Kompetenzraster!R25 -> 45974 | I1: 11
A3: Themen:
A4: WAS Leitungsmaterialien & Verbindungen | I4: 1.6
A6: Grundlagen Fachzeichen / Isometrie | I6: 1.2
A9: Lernziele
B10: *Sie erläutern die Verbindungsmöglichkeiten der verschiedenen Installationssystemen
B11: *Sie beschreiben die Materialien und Werkstoffe, die bei Entsorgungsleitungen eingesetzt
B12: werden
B13: * Sie verstehen die Grundlagen des technischen Zeichnens und können Sie anwenden.
B14: *Sie können die drei Ansichten aus der Vorgabe einer Normprojektion erstellen.
A16: Zeit | C16: min. | D16: Inhalt | H16: SF | I16: Material / Links
B19: Lektion 1 | C19: 5' | D19: *Begrüssung und Start | H19: PL
B20: 12:50 - 13:35 | C20: 10' | D20: *Einstieg ins Thema ( Schweissübung) | H20: LV
C21: 30' | D21: *Werkstoffkunde im Demoraum | H21: PL
B23: Lektion 2 | C23: 5' | D23: *Herstellung von Polyethylenrohren | H23: LV
B24: 13:40 - 14:25 | C24: 40' | D24: *Vortrag in Gruppen vorbereiten | H24: GA
B27: Lektion 3 | C27: 25' | D27: *Vorstellung Vorträge | H27: PL
B28: 14:30 - 15:15 | C28: 20' | D28: *Weiterarbeit an Lernauftrag 1.6 /Erstellung MindMap Gusseisen | H28: EA
A31: Pause 15:15-15:30Uhr
B34: Lektion 4 | C34: 10' | D34: *Start mit Auftrag 4 /Sie lesen die Theorie S.21-22 | H34: PL
B35: 15:30 - 16:15 | C35: 15' | D35: *Start mit 1.2Übung_4 / Aufgabe Beat | H35: LV
C36: 20' | D36: *Selbständige Arbeit an 1.2_Übung 4 | H36: EA | I36: 1.2_Übung_4
B38: Lektion 5 | C38: 35' | D38: *Selbständige Arbeit an 1.2_Übung 4 | H38: EA
B39: 16:20 - 17:05 | C39: 10' | D39: *Abschluss & Ausblick | H39: PL
A43: Hausaufgaben: | E43: Administratives: | G43: Ausblick nächste Woche:
A45: 1.6 MindMap Gusseisen fertigstellen | G45: Entsorgungssysteme zuordnen
G46: Befestigungstechnik
A48: Arbeit an 1.2_Leistungsnachweis Teil 1 | G48: Grundlagen zum technischen Zeichnen

Sheet ST_12_KW47
A1: Unterrichtsplanung BKU | F1: =Kompetenzraster!R27 -> 45981 | I1: 12
A3: Themen:
A4: WAS Leitungsmaterialien & Verbindungen | I4: 1.6
A6: Grundlagen Fachzeichen / Isometrie | I6: 1.2
A9: Lernziele
B10: *Sie unterscheiden Systeme von Entsorgungsleitungen nach deren Verwendungszweck
B11: *Sie bestimmen geeignete Befestigungen mit Hilfe von Montagebüchern
B13: * Sie verstehen die Grundlagen des technischen Zeichnens und können Sie anwenden.
B14: *Sie können die drei Ansichten aus der Vorgabe einer Normprojektion erstellen.
A16: Zeit | C16: min. | D16: Inhalt | H16: SF | I16: Material / Links
B19: Lektion 1 | C19: 10' | D19: *Kahoot zum Einstieg | H19: PL
B20: 12:50 - 13:35 | C20: 5' | D20: * Unterrichtsplanung | H20: EA
C21: 15' | D21: * Sie lesen die Theorie S18-20 | I21: suissetecEdu
C22: 15' | D22: * Selbständiges Lösen der Fragen 6-11
B23: Lektion 2 | C23: 10 | D23: * Kontrolle Fragen 6-11 | H23: PL
B24: 13:40 - 14:25 | C24: 10' | D24: *Video zu den Leitungsteilen und Bezeichnungen | H24: PL
C25: 10' | D25: * Bearbeitung Auftrag 4 / Fragen 12-15 | H25: EA
B27: Lektion 3 | C27: 15' | D27: *Sie lösen selbständig die Repetitionsfragen auf S.21 (11-19) | H27: EA | I27: suissetecEdu
B28: 14:30 - 15:15 | C28: 15' | D28: *Einstieg Gewichtskraft / Auftrag 5 | H28: LV
C29: 10' | D29: * Selbstständiges Üben Aufgabe 19-21 | H29: EA
A31: Pause 15:15-15:30Uhr
B34: Lektion 4 | C34: 10' | D34: *Besprechung LNW1.2 | H34: PL
B35: 15:30 - 16:15 | C35: 35' | D35: * Selbständige Arbeit an Lernauftrag 1.2 /Übungen 4 fertigstellen | H35: EA
B38: Lektion 5 | C38: 35' | D38: *Weiterarbeit an 1.2 / Auftrag 4 / Übungen_6 | H38: EA
B39: 16:20 - 17:05 | C39: 10' | D39: *Kontrolle und Abschluss | H39: PL
A43: Hausaufgaben: | E43: Administratives: | G43: Ausblick nächste Woche:
G45: Bezeichnung der Leitungsteile
G46: Gewichtskraft
A49: Fertigstellung 1.2_Übungen_4 | G49: Normprojektion
A50: bis und mit Aufgabe "Hans"

Sheet ST_13_KW48
A1: Unterrichtsplanung BKU | F1: =Kompetenzraster!R29 -> 45988 | I1: 13
A3: Themen:
A4: WAS Leitungsmaterialien & Verbindungen | I4: 1.6
A6: Grundlagen Fachzeichen / Isometrie | I6: 1.2
A9: Lernziele
B10: *Sie unterscheiden Systeme von Entsorgungsleitungen nach deren Verwendungszweck
B11: *Sie bestimmen geeignete Befestigungen mit Hilfe von Montagebüchern
B13: * Sie verstehen die Grundlagen des technischen Zeichnens und können Sie anwenden.
B14: *Sie können die drei Ansichten aus der Vorgabe einer Normprojektion erstellen.
A16: Zeit | C16: min. | D16: Inhalt | H16: SF | I16: Material / Links
B19: Lektion 1 | C19: 5' | D19: * Einstieg und Unterrichtsplanung | H19: PL
B20: 12:50 - 13:35 | C20: 10' | D20: * Film über Gewichtskraft | H20: EA
C21: 15' | D21: * Wer wird Millionär | H21: PL
D22: * Sie lösen die Aufgaben 19-22 | H22: PL
B23: Lektion 2 | C23: 20' | D23: *Sie Starten mit den Übungen 1.6_1 | H23: EA
B24: 13:40 - 14:25 | C24: 25' | H24: EA
I25: 1.6_Uebungen_1.pdf
B27: Lektion 3 | C27: 30' | D27: * Lernzielkontrolle Auftrag 1.6 | H27: PL
B28: 14:30 - 15:15 | C28: 15' | D28: * Weiterarbeit an Übungen 1.6_1 | H28: LV
H29: EA
A31: Pause 15:15-15:30Uhr
B34: Lektion 4 | C34: 45' | D34: *Weiterarbeit an 1.2_Übungen_6 (10-18) | H34: PL
B35: 15:30 - 16:15 | H35: EA
B38: Lektion 5 | C38: 40' | D38: Arbeit an Leistungsnachweis Teil 1 + 2 | H38: EA
B39: 16:20 - 17:05 | C39: 5' | D39: Abschluss & Ausblick nächste Woche | H39: PL
A43: Hausaufgaben: | E43: Administratives: | G43: Ausblick nächste Woche:
A45: *Sie lernen für die Prüfung 1.6 | G45: Prüfung 1.6
A46: *Sie stellen die Übungen 1.6_1 fertig | G46: Am 11.12.2025
A49: *Arbeit an Leistungsnachweis Teil 1 & 2 | G49: Normprojektion

Sheet ST_14_KW49.
A1: Unterrichtsplanung BKU | F1: =Kompetenzraster!R31 -> 45995 | J1: 14
A3: Themen:
A4: Entwässerungsgegenstände | J4: 1.8
A6: Grundlagen Fachzeichen / Isometrie | J6: 1.2
A9: Lernziele
B10: * Sie kennen die Aufgabe und Funktion von Ablaufventilen und Geruchsverschlüssen
B11: bei sanitären Apparaten
B12: * Sie kennen die Hauptgruppen und Eigenschaften der sanitären Entwässerungsgegenstände
B13: * Sie verstehen die Grundlagen des technischen Zeichnens und können Sie anwenden.
B14: *Sie können die drei Ansichten aus der Vorgabe einer Normprojektion erstellen.
A16: Zeit | C16: min. | D16: Inhalt | H16: RITA | I16: SF | J16: Material / Links
B19: Lektion 1 | C19: 20' | D19: *Einstieg Entwässerungsgegenstände / Gruppierungsübung | H19: R | I19: PL
B20: 12:50 - 13:35 | C20: 15' | D20: * Begriffsfindung in Arbeitsblättern in 2er Gruppen | I20: GA
C21: 10' | D21: * Präsentation zum Arbeitsblatt | H21: I | I21: LV
B23: Lektion 2 | C23: 15' | D23: *Start mit Lernauftrag 1.8 / Augfgaben 1-3 | H23: I | I23: EA
B24: 13:40 - 14:25 | C24: 10' | D24: * Gemeinsame Beantwortung Frage 4 | H24: T | I24: PL
C25: 15' | D25: * Weitere Bearbeitung Fragen 5-7 | I25: LV
C26: 5' | D26: * Info zum Auftrag | I26: PL | J26: suissetecEdu
B27: Lektion 3 | C27: 45' | D27: * Selbständige Bearbeitung des Leistungsnachweis 1.8 | I27: EA
B28: 14:30 - 15:15 | D28: Erstellung A3 Übersicht zu den Armaturengruppen | I28: EA
D29: Abgabe LNW 1.8 am 15:30Uhr! | H29: A
A31: Pause 15:15-15:30Uhr
B34: Lektion 4 | C34: 45' | D34: * Fertigstellung aller 1.2_Übungen_6 (10-18)Übungen | H34: T | I34: EA
B35: 15:30 - 16:15
B38: Lektion 5 | C38: 35' | D38: * Weiterarbeit an Leistungsnachweis 1.2 Teil 2 | H38: A | I38: EA
B39: 16:20 - 17:05 | C39: 10' | D39: * Abschluss & Ausblick | I39: PL
A43: Hausaufgaben: | E43: Administratives: | G43: Ausblick nächste Woche:
A45: Üben für Prüfung 1.6 | G45: Prüfung 1.6 nächste Woche
G47: Demoraum / Besichtigung Entwässerungs-
G48: Gegenstände
A49: 1.2_Übungen_6 /10-18 fertigstellen | G49: Normprojektion

Sheet ST_15_KW50
A1: Unterrichtsplanung BKU | F1: =Kompetenzraster!R33 -> 46002 | I1: 15
A3: Themen:
A4: Entwässerungsgegenstände | I4: 1.8
A6: Grundlagen Fachzeichen / Isometrie | I6: 1.2
A9: Lernziele
B10: * Sie kennen die Aufgabe und Funktion von Ablaufventilen und Geruchsverschlüssen
B11: bei sanitären Apparaten
B12: * Sie kennen die Hauptgruppen und Eigenschaften bei sanitären Apparaten
B13: * Sie verstehen die Grundlagen des technischen Zeichnens und können Sie anwenden.
B14: *Sie können die drei Ansichten aus der Vorgabe einer Normprojektion erstellen.
A16: Zeit | C16: min. | D16: Inhalt | H16: SF | I16: Material / Links
B19: Lektion 1 | C19: 10' | D19: * Einstieg und Unterrichtsplanung | H19: PL
B20: 12:50 - 13:35 | C20: 25' | D20: 1.6 Prüfung | H20: EA | I20: Formelbuch &
I21: Taschenrechner
C22: 10' | D22: *Durchlüften und Tische richten | H22: Pl
B23: Lektion 2 | C23: 10' | D23: *Start mit Auftrag 3 / Theorie lesen | H23: EA | I23: suissetecEdu
B24: 13:40 - 14:25 | C24: 35' | D24: *Selbständige Bearbeitung Fragen 8-17 | H24: EA
B27: Lektion 3 | C27: 15' | D27: *Gemeinsame Kontrolle Fragen 8-17 | H27: PL
B28: 14:30 - 15:15 | C28: 5' | D28: *Betrachtung Video Spülauslösung | H28: PL
C29: 20' | D29: *Selbständige Bearbeitung Fragen 18-20 | H29: EA
A31: Pause 15:15-15:30Uhr
B34: Lektion 4 | C34: 45' | D34: * Individuelle Arbeit an Übungen 4 & 6 | H34: PL
B35: 15:30 - 16:15 | D35: * Üben für Prüfung
B38: Lektion 5 | C38: 35' | D38: *Arbeit an Leistungsnachweisen Teil 1-3 | H38: EA
B39: 16:20 - 17:05 | D39: *Üben für Prüfung | H39: EA
C40: 10' | D40: * Abschluss & Ausblick | H40: PL
A43: Hausaufgaben: | E43: Administratives: | G43: Ausblick nächste Woche:
A45: Keine | G45: Urinoirsteuerungen, Spülsysteme
A49: Abgabe 1.2 LNW | G49: 1.2_Prüfung 08.01.2025
A50: 18.12.2025 / 15:15Uhr

Sheet ST_16_KW51
A1: Unterrichtsplanung BKU | F1: =Kompetenzraster!R35 -> 46009 | I1: 16
A3: Themen:
A4: Entwässerungsgegenstände | I4: 1.8
A6: Grundlagen Fachzeichen / Isometrie | I6: 1.2
A9: Lernziele
B10: * Sie kennen verschiedene Urinoirmodelle die darin enthaltenen Komponenten.
B11: * Sie kennen die verschiedenen Steuerungstypen von Urinoirs.
B12: * Sie lernen die Vor- und Nachteile von wasserlosen/wasserbetriebenen Urinoirs.
B13: * Sie verstehen die Grundlagen des technischen Zeichnens und können Sie anwenden.
B14: *Sie können die drei Ansichten aus der Vorgabe einer Normprojektion erstellen.
A16: Zeit | C16: min. | D16: Inhalt | H16: SF | I16: Material / Links
B19: Lektion 1 | C19: 10' | D19: * Einstieg und Unterrichtsplanung | H19: PL
B20: 12:50 - 13:35 | C20: 35' | D20: * Gemeinsames errarbeiten des eigenen Themas Gr. 1-5 | H20: PL
H21: PL
B23: Lektion 2 | C23: 25' | D23: * Start mit Rotation auf dem Marktplatz | H23: EA
B24: 13:40 - 14:25 | C24: 10' | D24: *Abschluss Marktplatz | H24: GA
C25: 10' | D25: * Abschluss Auftrag 1.8 | H25: GA
B27: Lektion 3 | C27: 45' | D27: *Zeit für Abschluss Leistungsnachweis 1.2 Teil 1-3 | H27: EA
B28: 14:30 - 15:15
A31: Pause 15:15-15:30Uhr
B34: Lektion 4 | C34: 30' | D34: *Individuelle Prüfungsvorbereitung | H34: EA
B35: 15:30 - 16:15 | C35: 15' | D35: * Weiterarbeit an Übungen
B38: Lektion 5 | C38: 15' | D38: * Umfrage 1.Semester | H38: EA
B39: 16:20 - 17:05 | C39: 25' | D39: * Diskussionsrunde über 1.Semester | H39: PL
C41: 5' | D41: * Abschluss
A43: Hausaufgaben: | E43: Administratives: | G43: Ausblick nächste Woche:
A45: Sie schliessen den Auftrag 1.8 ab. | E45: Schulferien: | G45: Abfallentsorgung / Recycling
E46: 21.12.2025 - 04.01.2026
E48: Nächster Schultag:
E49: 46030 | G49: Prüfung 1.2_08.01.2026

Sheet ST_17_KW02
A1: Unterrichtsplanung BKU | F1: =Kompetenzraster!R37 -> 46030 | I1: 17
A3: Themen:
A4: Abfallentsorgung | I4: 1.9
A6: Grundlagen Fachzeichen / Isometrie | I6: 1.2
A9: Lernziele
B10: *Sie erklären den organisatorischen Ablauf bei der Entsorgung von Abfällen
B11: *Sie benennen die Umweltvorschriften bei der Entsorgung von Abfällen.
B12: *Sie kennen die ökologischen Kriterien zur Abfallentsorgung.
B13: * Sie verstehen die Grundlagen des technischen Zeichnens und können Sie anwenden.
B14: *Sie können die drei Ansichten aus der Vorgabe einer Normprojektion erstellen.
A16: Zeit | C16: min. | D16: Inhalt | H16: SF | I16: Material / Links
B19: Lektion 1 | C19: 10' | D19: * Begrüssung und Diskussion | H19: PL
B20: 12:50 - 13:35 | C20: 10' | D20: *Einstieg mit Lehrmittel S.26-29 lesen und Repetitionsfragen lösen | H20: EA
C21: 20' | D21: *Sie lösen im Lernauftrag 1.9 die Fragen 1-6 (2erGruppen) | H21: GA | I21: suissetecEdu
B23: Lektion 2 | C23: 10' | D23: *Einstieg mit Video | H23: PL
B24: 13:40 - 14:25 | C24: 15' | D24: *Sie lesen den Bericht und lösen die Fragen 6-11 | H24: EA
C25: 20' | D25: *Auftrag 3, Sie erstellen eine Übersicht über die Problematik | H25: EA | I25: Bericht
D26: der Kunsstoffe und den Stoffkreislauf am Beispiel von PET
B27: Lektion 3 | C27: 5' | D27: *Erklärung Leistungsnachweis 1.9_Abfallkonzept Firma | H27: PL
B28: 14:30 - 15:15 | C28: 40' | D28: *Sie erstellen ein Abfallkonzept ihrer Firma inkl. Visualisierungen | H28: EA
A31: Pause 15:15-15:30Uhr
B34: Lektion 4 | C34: 45' | D34: 1.2_Prüfung | H34: EA | I34: Keine Hilfsmittel
B35: 15:30 - 16:15
B38: Lektion 5 | C38: 15' | D38: *Start mit Leitungsisometrie | H38: LV
B39: 16:20 - 17:05 | C39: 25' | D39: *Selbständige Übung Aufgabe Alpha | H39: EA
C40: 5' | D40: *Abschluss & Ausblick | H40: PL
A43: Hausaufgaben: | E43: Administratives: | G43: Ausblick nächste Woche:
A45: Abgabe Leistungsnachweis 1.9 | G45: Asbest und dessen Gefahr
A46: 46037
A49: Fertigstellung Übung Alpha bis Gamma | G49: Leitungsisometrie

Sheet ST_18_KW03
A1: Unterrichtsplanung BKU | F1: =Kompetenzraster!R39 -> 46037 | I1: 18
A3: Themen:
A4: Abfallentsorgung | I4: 1.9
A6: Grundlagen Fachzeichen / Isometrie | I6: 1.2
A9: Lernziele
B10: *Sie erklären den organisatorischen Ablauf bei der Entsorgung von Abfällen
B11: *Sie benennen die Umweltvorschriften bei der Entsorgung von Abfällen.
B12: *Sie kennen die ökologischen Kriterien zur Abfallentsorgung.
B13: * Sie verstehen die Grundlagen des technischen Zeichnens und können Sie anwenden.
B14: *Sie können die drei Ansichten aus der Vorgabe einer Normprojektion erstellen.
A16: Zeit | C16: min. | D16: Inhalt | H16: SF | I16: Material / Links
B19: Lektion 1 | C19: 10' | D19: * Begrüssung und Diskussion | H19: PL
B20: 12:50 - 13:35 | C20: 35' | D20: *Start Video / Beantwortung Fragen Auftrag 4 | H20: PL
D21: Zeugnisbesprechungen | H21: EA
B23: Lektion 2 | C23: 20' | D23: *Kennenlernen der Gefahren von Asbest im Wohnhaus | H23: EA
B24: 13:40 - 14:25 | C24: 5' | D24: *Video zu den Gefahren | H24: PL
C25: 20' | D25: *Selbstständige Recherche auf SUVA Seite | H25: EA
D26: Zeugnisbesprechungen | I26: Abbruch Eternit-Roh
B27: Lektion 3 | C27: 25' | D27: *SUVA Quiz / Spielen bis | H27: EA
B28: 14:30 - 15:15 | C28: 20' | D28: *Alle Unterlagen vom 1.Semester ordnen und ablegen | H28: EA
D29: Zeugnisbesprechungen
A31: Pause 15:15-15:30Uhr
B34: Lektion 4 | C34: 15' | D34: *Kontrolle Übungen Alpha bis Gamma | H34: PL
B35: 15:30 - 16:15 | C35: 30' | D35: Ergänzung und Start Übung Delta | H35: EA
D36: Zeugnisbesprechungen | H36: EA
B38: Lektion 5 | C38: 30' | D38: *Abschluss Übung Delta und Epsilon | H38: EA
B39: 16:20 - 17:05 | C39: 15' | D39: *Info Skitag | H39: PL
D40: Zeugnisbesprechungen
A43: Hausaufgaben: | E43: Administratives: | G43: Ausblick nächste Woche:
E45: 1.Semester geschafft! | G45: Skitag Savognin
G46: 46044

Sheet Tabelle1
