Workbook

Sheet Kompetenzraster
B1: Kompetenzraster 2.Semester Sanitärinstallateur/in EFZ | I1: Semesterstart: | J1: 46426 | K1: Schultag: | L1: Montag
B3: Handlungsfelder und Kompetenzen | M3: Bewertung / Benotung | Q3: Unterichtsplanung
B5: HF 1/H7 | E5: Auftrag 2.1 | G5: Auftrag 2.2 | J5: Auftrag 2.9 | M5: Zeugnisnote | Q5: =J1+0 -> 46426 | R5: Brand - und Schallschutz
E6: 4 Schultage (8L) | G6: 12 Schultage (20L) | J6: 2 Schultage (6L) | M6: Die Zeugnisnote setzt sich aus den Leistungsnachweisen und Kompetenzprüfungen zusammen. Die Note aus den Leistungsnachweisen zählt zu ca. 30% an die Zeugnisnote. Alle Noten der Prüfungen zählen zu ca. 60% an die Zeugnisnote. | Q6: 2.3 2.1 | R6: Bauablauf, Schnittstellen & Volumen
B7: Planen der Arbeiten | E7: Sie beschreiben einen Bauablauf und erklären die Schnittstellen zu anderen Gewerken. (K2) | F7: Sie berechnen das Volumen verschiedener Behältnisse. (K3) | G7: Sie kennen die Grundlagen der Z-Mass Methode und wenden diese in einfachen Beispielen an. | H7: Sie erstellen selbstständig einfache Z-Mass Vorfabrikationszeichnungen inkl. Rohrlängen und Stückliste | I7: Sie erstellen selbstständig anspruchsvolle Z-Mass Vorfabrikationszeichnungen inkl. Rohrlängen und Stückliste | J7: Sie erläutern die Unterschiede und den Sinn und Zweck der verschiedenen Rapport-Arten.(K2) | K7: Sie benennen Apparate, Armaturen und Garnituren sowie deren Bestandteile. (K1) | Q7: =Q5+7 -> 46433 | R7: Brand - und Schallschutz
Q8: 2.3 2.1 | R8: Bauablauf, Schnittstellen & Volumen
Q9: =Q7+7 -> 46440 | R9: Brand - und Schallschutz
E10: Sie benennen die Rollen der am Bau beteiligten Fachpersonen (z.B. Polier, Bauleiter, Architekt). (K1) | J10: Sie erstellen einen Materialauszug aufgrund einer typischen Baustellensituation. (K3) | K10: Sie erstellen ein Materialausmass anhand von verschiedenen Beispielen. (K3) | Q10: 2.5 2.1 | R10: Bauablauf, Schnittstellen & Volumen
Q11: =Q9+7 -> 46447 | R11: Pläne lesen & verstehen
Q12: 2.5 2.1 | R12: Bauablauf, Schnittstellen & Volumen
Q13: =Q11+7 -> 46454 | R13: Pläne lesen & verstehen
B14: HF 2 | E14: Auftrag 2.3 | G14: Auftrag 2.4 | I14: Auftrag 2.5 | M14: Leistungsnachweise | Q14: 2.6 2.2 | R14: Grundlagen der Z-Mass Methode
E15: 2 Schultage (6L) | G15: 4 Schultage (12L) | I15: 2 Schultage (6L) | M15: Die Note der Leistungsnachweise entsteht aus den während des Semestes erzielten Punkten. | Q15: =Q13+7 -> 46461 | R15: Normen & Vorschriften von Abwasserleitungen
B16: Installieren von Wasserleitungen | E16: Sie erläutern die Vorschriften in Bezug auf den Schallschutz bei Wasserleitungen. (K2) | F16: Sie beschreiben die Inhalte der aktuellen Vorschriften in Bezug auf die Wasserleitungs- installation. (K2) | G16: Sie erklären den Zweck und die Funktion verschiedener Armaturen für Wasserleitungen. (K2) | I16: Sie interpretieren einfache Aussparungspläne für die Installation von Wasserleitungen. (K4) | J16: Sie interpretieren einfache Montage- und Einlegepläne für die Installation von Wasserleitungen. (K4) | Q16: 2.6 2.2 | R16: Grundlagen der Z-Mass Methode
Q17: =Q15+7 -> 46468 | R17: Normen & Vorschriften von Abwasserleitungen
Q18: 2.6 2.2 | R18: Grundlagen der Z-Mass Methode
E19: Sie erläutern die Vorschriften in Bezug auf den baulichen Brandschutz. (K2) | M19: Planen der Arbeiten | Q19: =Q17+7 -> 46475 | R19: Rapporte schreiben und Ausmass erstellen
M20: Auftrag 2.1 | N20: 2 | Q20: 2.9 2.2 | R20: Grundlagen der Z-Mass Methode
M21: Auftrag 2.2 | N21: 3 | Q21: =Q19+21 -> 46496 | R21: Rapporte schreiben und Ausmass erstellen
M22: Auftrag 2.9 | N22: 1 | Q22: 2.9 2.2 | R22: Grundlagen der Z-Mass Methode
B23: HF 4 | E23: Auftrag 2.6 | G23: Auftrag 2.7 | J23: Exkursion | M23: Total Punkte | N23: =SUM(N20:O22) -> 6 | Q23: =Q21+7 -> 46503 | R23: Bauteile & Armaturen in Wasserleitungen
E24: 3 Schultage (12L) | G24: 4 Schultage (12L) | J24: 1 Schultag (3L) | Q24: 2.4 2.2 | R24: Grundlagen der Z-Mass Methode
B25: Installieren von Entsorgungsleitungen | E25: Sie beschreiben die Vorschriften in Bezug auf die Installation von Entsorgungsleitungen. (K2) | F25: Sie beschreiben Einsatzgebiete, und Eigenschaften der Dämmmaterialien für Entsorgungsleitungen. (K2) | G25: Sie beschreiben die Funktionsweise der Abwasserentsorgung (K2) | H25: Sie erläutern die Problematik der Rückstauhöhen. (K2) | I25: Sie erklären die Funktionsweise einer Abwasserreinigungsanlage. (K2) | M25: Montieren von Sanitäranlagen | Q25: =Q23+14 -> 46517 | R25: Bauteile & Armaturen in Wasserleitungen
M26: Auftrag 2.3 | N26: 1 | Q26: 2.4 2.2 | R26: Grundlagen der Z-Mass Methode
M27: Auftrag 2.4 | N27: 2 | Q27: =Q25+7 -> 46524 | R27: Bauteile & Armaturen in Wasserleitungen
J28: QV Woche | M28: Auftrag 2.5 | N28: 1 | Q28: 2.4 2.2 | R28: Grundlagen der Z-Mass Methode
M29: Auftrag 2.6 | N29: 2 | Q29: =Q27+7 -> 46531 | R29: Bauteile & Armaturen in Wasserleitungen
M30: Auftrag 2.7 | N30: 2 | Q30: 2.4 2.2 | R30: Grundlagen der Z-Mass Methode
M31: Total Punkte | N31: =SUM(N26:O30) -> 8 | Q31: =Q29+7 -> 46538 | R31: Abwasserentsorgung & Aufbereitung
B32: HF 1/2/4 | E32: Auftrag 2.11 | Q32: 2.7 2.2 | R32: Grundlagen der Z-Mass Methode
E33: 12 Schultage (20L) | Q33: =Q31+7 -> 46545 | R33: Abwasserentsorgung & Aufbereitung
B34: Repetition 2. Semester | E34: Sie erklären den Bauablauf, benennen beteiligte Fachpersonen und berechnen das Volumen einfacher Behältnisse. | F34: Sie erläutern relevante Vorschriften, erklären die Funktion von Armaturen und interpretieren einfache Ausführungs- und Einlegepläne. | G34: Sie beschreiben die Eigenschaften von Dämmmaterialien, erklären die Funktion von Abwassersystemen und erläutern die Problematik von Rückstausicherungen. | Q34: 2.7 2.2 | R34: Grundlagen der Z-Mass
Q35: =Q33+7 -> 46552 | R35: Exkursion Wasserversorgung
Q36: 2.1
Q37: =Q35+7 -> 46559 | R37: Gruppenarbeit Semesterrepetition / Erarbeitung
Q38: 2.7
Q39: =Q37+7 -> 46566 | R39: Gruppenarbeit Semesterrepetition / Durchführung
R40: Zeugnisbesprechung
Q41: =Q39+7 -> 46573 | R41: Abschluss / Ausblick / Exkursion
B43: Fachgruppe Sanitär Spengler | K43: itm I sanitärlernen.ch | Q43: Kanton St.Gallen Gewerbliches Berufs- und Weiterbildungszentrum

Sheet ST_1_KW_6
B1: Unterrichtsverlauf | E1: =Kompetenzraster!Q5 -> 46426 | G1: 1
B3: Normen in der Sanitärtechnik | G3: 2.3
B5: 1 - 3 Lektion | C5: Auftrag 1 | G5: Filme / Theorie
C6: * Kennenlernen der Kapitel 3,4,5 der W3 / Fragen aus Auftrag.
C7: * Bearbeitung in Gruppen Lösung präsentieren im Roulettemodus
C12: Lernziele
C13: Sie beschreiben die Inhalte der aktuellen Vorschriften in Bezug auf die Wasserleitungsinstallation.
C14: Sie erläutern die Vorschriften in Bezug auf den baulichen Brandschutz.
B15: Pause
B17: Ein Haus entsteht | G17: 2.1
B19: 4 - 5 Lektion | C19: Auftrag 1 | G19: Filme / Theorie
C20: * Erstellung eines Bauablaufes als Gruppenarbeit / Einstieg
C21: * Theorie besprechen / Fragen beantworten und Klären
C22: * Kennenlernen der Gewerke als Gruppenarbeit / Einstieg
C23: => Hinweis / Zeit für Leistungsnachweis!
C24: Lernziele
C25: Sie beschreiben einen Bauablauf und erklären die Schnittstellen zu anderen Gewerken.
C26: Sie benennen die Rollen der am Bau beteiligten Fachpersonen.
B28: Hausaufgaben | E28: Administratives

Sheet ST_2_KW_7
B1: Unterrichtsverlauf | E1: =Kompetenzraster!Q7 -> 46433 | G1: 2
B3: Normen in der Sanitärtechnik | G3: 2.3
B5: 1 - 3 Lektion | C5: Auftrag 2 | G5: Filme / Theorie
C6: * Brandschutznorm kennen lernen / Fragen Auftrag
C7: => Hinweis Leistungsnachweis!
C8: Auftrag 3
C9: * Schallschutznorm kennen lernen
C10: * Kleiner Versuch / Fragen und Besprechung
C11: => Hinweis / Zeit für Leistungsnachweis!
G12: Lernziele / Prüfung
C13: * Nächste Woche Prüfung / Lernziele beachten!
C15: Lernziele
C16: Sie beschreiben die Inhalte der aktuellen Vorschriften in Bezug auf die Wasserleitungsinstallation.
C17: Sie erläutern die Vorschriften in Bezug auf den baulichen Brandschutz.
B18: Pause
B20: Ein Haus entsteht | G20: 2.1
B22: 4 - 5 Lektion | C22: Auftrag 3 + 4 | G22: Filme / Theorie
C23: * Einstieg in die Volumenberechnung
C24: * Thema: Rechteckige Volumen
C25: * Beispielrechnungen machen und üben
C27: Lernziele
C28: Sie beschreiben einen Bauablauf und erklären die Schnittstellen zu anderen Gewerken.
C29: Sie benennen die Rollen der am Bau beteiligten Fachpersonen.
B31: Hausaufgaben | E31: Administratives

Sheet ST_3_KW_8
B1: Unterrichtsverlauf | E1: =Kompetenzraster!Q9 -> 46440 | G1: 3
B3: Pläne lesen und verstehen | G3: 2.5
B5: 1 - 3 Lektion | C5: Prüfung Auftrag 2.3 | F5: 20min | G5: Filme / Theorie
C7: * Einstieg mit allen 5 Planarten
C8: Auftrag 1
C9: * Einstieg mit den Grundlagen Aufgaben 1-7
C10: * Hinweis Pläne mitnehmen für Leistungsnachweis
C12: Lernziele
C13: Sie interpretieren einfache Aussparungspläne für die Installation von Wasserleitungen.
C14: Sie interpretieren einfache Montagepläne für die Installation von Wasserleitungen.
B15: Pause
B17: Ein Haus entsteht | G17: 2.1
B19: 4 - 5 Lektion | C19: Auftrag 5 | G19: Filme / Theorie
C20: * Einstieg in die Volumenberechnung
C21: * Thema: Zylindrische Volumen
C22: * Beispielrechnungen machen und üben
C24: Lernziele
C25: Sie berechnen das Volumen verschiedener Behältnisse.
B28: Hausaufgaben | E28: Administratives

Sheet ST_4_KW_9
B1: Unterrichtsverlauf | E1: =Kompetenzraster!Q11 -> 46447 | G1: 4
B3: Pläne lesen und verstehen | G3: 2.5
B5: 1 - 3 Lektion | C5: Auftrag 1 & 2 | G5: Filme / Theorie
C6: * Übungen Höhenkoten, Aussparungen und Kreuzworträtsel
C7: * Plan gemeinsam betrachten und Übungen dazu lösen
C8: * Masse aus Plänen heraus lesen
C9: Auftrag 3
C10: * Hinweis Leistungsnachweis / Planarten erklären
C11: * Abschluss Quizacademy
C12: Lernziele
C13: Sie interpretieren einfache Aussparungspläne für die Installation von Wasserleitungen.
C14: Sie interpretieren einfache Montagepläne für die Installation von Wasserleitungen.
B15: Pause
B17: Ein Haus entsteht | G17: 2.1
B19: 4 - 5 Lektion | C19: Auftrag 4 + 5 | G19: Filme / Theorie
C20: * Volumenberechnung weiter üben
C21: Auftrag 6
C22: * Leistungsnachweis ausfüllen / Selbstkontrolle
G23: Lernziele / Prüfung
C24: * Nächste Woche Prüfung / Lernziele beachten!
C26: Lernziele
C27: Sie berechnen das Volumen verschiedener Behältnisse.
B28: Hausaufgaben | E28: Administratives

Sheet ST_5_KW_10
B1: Unterrichtsverlauf | E1: =Kompetenzraster!Q13 -> 46454 | G1: 5
B3: Entsorgungsleitungen & Verbindungen | G3: 2.6
B5: 1 - 3 Lektion | C5: Prüfung Auftrag 2.1 | F5: 20min | G5: Filme / Theorie
C6: Auftrag 1
C7: * Einstieg mit Bezeichnungsübung
C8: Auftrag 2
C9: * Beispiele aus dem LM mit Anschauungsmaterial erklären
C10: * Fragen 2-16 zu den Grundlagen
C12: Lernziele
C13: Sie beschreiben die Inhalte der Vorschriften in Bezug auf die Installation von Entsorgungsleitungen.
B15: Pause
B17: Arbeitsvorbereitung | G17: 2.2
B19: 4 - 5 Lektion | C19: Auftrag 1 | G19: Filme / Theorie
C20: * Einstieg mit Vorwand / Werkstattplan
C21: * Übungen Grundlagen selbstständig lösen
C25: Lernziele
C26: Sie kennen die Grundlagen der Z-Mass Methode und wenden diese in einfachen Beispielen an.
B28: Hausaufgaben | E28: Administratives

Sheet ST_6_KW_11
B1: Unterrichtsverlauf | E1: =Kompetenzraster!Q15 -> 46461 | G1: 6
B3: Entsorgungsleitungen & Verbindungen | G3: 2.6
B5: 1 - 3 Lektion | C5: Einstieg mit Quizacademy | G5: Filme / Theorie
C6: Auftrag 3
C7: * Umsetzung der Regel an konkretem Beispiel
C8: * Situation 2 & 3 selbstständig lösen
C9: * Zusatzübungen abgeben
C10: Auftrag 4
C11: * Leistungsnachweis abgeben
C12: Lernziele
C13: Sie beschreiben die Inhalte der Vorschriften in Bezug auf die Installation von Entsorgungsleitungen.
B15: Pause
B17: Arbeitsvorbereitung | G17: 2.2
B19: 4 - 5 Lektion | C19: Auftrag 2 | G19: Filme / Theorie
C20: * Zeichnung 1 & Zeichnung 2 selbstständig lösen
C21: * Dreiecke zeichnen / Übungen
C25: Lernziele
C26: Sie kennen die Grundlagen der Z-Mass Methode und wenden diese in einfachen Beispielen an.
B28: Hausaufgaben | E28: Administratives

Sheet ST_7_KW_12
B1: Unterrichtsverlauf | E1: =Kompetenzraster!Q17 -> 46468 | G1: 7
B3: Entsorgungsleitungen & Verbindungen | G3: 2.6
B5: 1 - 3 Lektion | C5: Auftrag 5 | G5: Filme / Theorie
C6: * Einstieg Repetition Grundlagen Schallschutz
C7: * Grundlagen Schall / Demoraum / LM / Aufgaben 16 - 22
C8: * Abluss Auftrag 2.6 / Kondensation / Armaflex
C9: * Ansage Prüfung inkl. Abgabe Lernziele | G9: Lernziele / Prüfung
C12: Lernziele
C13: Sie beschreiben Einsatzgebiete, und Eigenschaften der Dämmmaterialien für Entsorgungsleitungen.
B15: Pause
B17: Arbeitsvorbereitung | G17: 2.2
B19: 4 - 5 Lektion | C19: Auftrag 3 | G19: Filme / Theorie
C20: * Z-Masse suchen, finden und eintragen!
C21: * Start mit "normalen" Z-Massen
C22: * Fittingkombinationen
C23: * Mindestrohrstücke
C25: Lernziele
C26: Sie kennen die Grundlagen der Z-Mass Methode und wenden diese in einfachen Beispielen an.
B28: Hausaufgaben | E28: Administratives

Sheet ST_8_KW_13
B1: Unterrichtsverlauf | E1: =Kompetenzraster!Q19 -> 46475 | G1: 8
B3: Rapporte erstellen | G3: 2.9
B5: 1 - 3 Lektion | C5: Prüfung Auftrag 2.6 | F5: 30min | G5: Filme / Theorie
C6: Auftrag 1
C7: * Die unterschiedlichen Rapportarten kennen lernen
C8: * Übung 1 / 2 machen => besprechen
C9: Auftrag 2
C10: * Gemeinsames Beispiel lösen / Rapport ausfüllen!
C12: Lernziele
C13: Sie erläutern die Unterschiede und den Sinn und Zweck der verschiedenen Rapport Arten.
B15: Pause
B17: Arbeitsvorbereitung | G17: 2.2
B19: 4 - 5 Lektion | C19: Auftrag 4 | G19: Filme / Theorie
C20: * Aufgabe 6 & 7 I Dichtstellen zeichnen / Kombinationen berechnen
C21: * Aufgabe 8 - 9 I Selbstständige Übung
C22: * Hinweis Aufgabe 10 = Leistungsnachweis 1.Teil
C25: Lernziele
C26: Sie kennen die Grundlagen der Z-Mass Methode und wenden diese in einfachen Beispielen an.
B28: Hausaufgaben | E28: Administratives

Sheet ST_9_KW_14
B1: Unterrichtsverlauf | E1: =Kompetenzraster!Q21 -> 46496 | G1: 9
B3: Rapporte erstellen | G3: 2.9
B5: 1 - 3 Lektion | G5: Filme / Theorie
C6: Auftrag 2
C7: * Einstieg Repetition Rapportarten
C8: * Übung 4 / 4 machen => besprechen
C12: Lernziele
C13: Sie erstellen einen Materialauszug aufgrund einer typischen Baustellensituation.
C14: Sie erstellen ein Materialausmass anhand von verschiedenen Beispielen.
B15: Pause
B17: Arbeitsvorbereitung | G17: 2.2
B19: 4 - 5 Lektion | C19: Auftrag 4 | G19: Filme / Theorie
C20: * Aufgabe 9 / Wichtige Zeichensymbole
C21: * Aufgabe 10 / Gemeinsam eine Aufgabe zeichnen
C22: * Aufgabe 10 / Zweite Aufgabe selbstständig zeichnen
C25: Lernziele
C26: Sie kennen die Grundlagen der Z-Mass Methode und wenden diese in einfachen Beispielen an.
B28: Hausaufgaben | E28: Administratives

Sheet ST_10_KW_15
B1: Unterrichtsverlauf | E1: =Kompetenzraster!Q23 -> 46503 | G1: 10
B3: Armaturen Kaltwasser | G3: 2.4
B5: 1 - 3 Lektion | C5: Auftrag 1 | G5: Filme / Theorie
C6: * Einstieg Repetition Armaturengruppen I Aufgabe 1-3
C7: * Der Werkstoff Rotguss I Aufgabe 4
G8: Playlist beachten
C9: Auftrag 2
C10: * Aufteilung Arbeiten am Vortrag
C12: Lernziele
C13: Sie erklären den Zweck und die Funktion verschiedener Armaturen für Wasserleitungen.
B15: Pause
B17: Arbeitsvorbereitung | G17: 2.2
B19: 4 - 5 Lektion | C19: Auftrag 5 | G19: Filme / Theorie
C20: * Aufgabe 3.1 & 3.2
C25: Lernziele
C26: Sie kennen die Grundlagen der Z-Mass Methode und wenden diese in einfachen Beispielen an.
B28: Hausaufgaben | E28: Administratives

Sheet ST_11_KW_20
B1: Unterrichtsverlauf | E1: =Kompetenzraster!Q25 -> 46517 | G1: 11
B3: Armaturen Kaltwasser | G3: 2.4
B5: 1 - 3 Lektion | G5: Filme / Theorie
C6: * Einstieg mit Quizacademy/ Armaturengruppen
C8: Auftrag 2 | G8: Playlist beachten
C9: * Arbeiten am Vortrag
C12: Lernziele
C13: Sie erklären den Zweck und die Funktion verschiedener Armaturen für Wasserleitungen.
B15: Pause
B17: Arbeitsvorbereitung | G17: 2.2
B19: 4 - 5 Lektion | C19: Auftrag 5 | G19: Filme / Theorie
C20: * Aufgabe 3.3 & 4.1
C22: * Ansage Prüfung / Lernziele | G22: Lernziele / Prüfung
C23: * Individuelles Lernen für Prüfung
C25: Lernziele
C26: Sie kennen die Grundlagen der Z-Mass Methode und wenden diese in einfachen Beispielen an.
B28: Hausaufgaben | E28: Administratives

Sheet ST_12_KW_21
B1: Unterrichtsverlauf | E1: =Kompetenzraster!Q27 -> 46524 | G1: 12
B3: Armaturen Kaltwasser | G3: 2.4
B5: 1 - 3 Lektion | C5: Auftrag 3 | G5: Filme / Theorie
C6: * Vorträge Thema 1-8
C7: * Fragen zu den Themen beantworten
G8: Playlist beachten
C12: Lernziele
C13: Sie erklären den Zweck und die Funktion verschiedener Armaturen für Wasserleitungen.
B15: Pause
B17: Arbeitsvorbereitung | G17: 2.2
B19: 4 - 5 Lektion | C19: Auftrag 5 | G19: Filme / Theorie
C20: * Aufgabe 4.2
C24: Prüfung Auftrag 2.2 | F24: 60min
C25: Lernziele
C26: Sie kennen die Grundlagen der Z-Mass Methode und wenden diese in einfachen Beispielen an.
B28: Hausaufgaben | E28: Administratives

Sheet ST_13_KW_22
B1: Unterrichtsverlauf | E1: =Kompetenzraster!Q29 -> 46531 | G1: 13
B3: Armaturen Kaltwasser | G3: 2.4
B5: 1 - 3 Lektion | C5: Auftrag 3 | G5: Filme / Theorie
C6: * Fragen Aufgaben 5-8 klären / besprechen
C7: * Vorträge Thema 9 -12
C8: * Fragen zu den Themen beantworten
C9: * Ansage Prüfung / Lernziele | G9: Lernziele / Prüfung
C10: * Individuelles Lernen für Prüfung
C12: Lernziele
C13: Sie erklären den Zweck und die Funktion verschiedener Armaturen für Wasserleitungen.
B15: Pause
B17: Arbeitsvorbereitung | G17: 2.2
B19: 4 - 5 Lektion | C19: Auftrag 5 | G19: Filme / Theorie
C20: * Aufgabe 4.3
C25: Lernziele
C26: Sie kennen die Grundlagen der Z-Mass Methode und wenden diese in einfachen Beispielen an.
B28: Hausaufgaben | E28: Administratives

Sheet ST_14_KW_23
B1: Unterrichtsverlauf | E1: =Kompetenzraster!Q31 -> 46538 | G1: 14
B3: Kanalisation & Abwasseraufbereitung | G3: 2.7
B5: 1 - 3 Lektion | C5: Prüfung Auftrag 2.4 | F5: 30min | G5: Filme / Theorie
C6: Auftrag 1
C7: * Einstieg mit Video / Überschwemmung
C8: * Bearbeitung der Verständnisfragen 1 - 5
C9: Auftrag 2
C10: * Selbstständige Bearbeitung & Korrektur
C11: * Bearbeitung der Verständnisfragen 6 - 8
C12: Lernziele
C13: Sie beschreiben die Funktionsweise der Abwasserentsorgung.
B15: Pause
B17: Arbeitsvorbereitung | G17: 2.2
B19: 4 - 5 Lektion | C19: Auftrag 5 | G19: Filme / Theorie
C20: * Aufgabe 4.3
C21: * Aufgabe 4.4
C25: Lernziele
C26: Sie kennen die Grundlagen der Z-Mass Methode und wenden diese in einfachen Beispielen an.
B28: Hausaufgaben | E28: Administratives

Sheet ST_15_KW_24
B1: Unterrichtsverlauf | E1: =Kompetenzraster!Q33 -> 46545 | G1: 15
B3: Kanalisation & Abwasseraufbereitung | G3: 2.7
B5: 1 - 3 Lektion | C5: Auftrag 3 | G5: Filme / Theorie
C6: * Einstieg mit Video / Rückstauebene
C7: * Erklärung / Herleitung Rückstauebene
C8: * Einstieg mit Video zur Abwasserreinigungsanlage
C12: Lernziele
C13: Sie erläutern die Problematik der Rückstauhöhen.
C14: Sie erklären die Funktionsweise der Abwasserentsorgung.
B15: Pause
B17: Arbeitsvorbereitung | G17: 2.2
B19: 4 - 5 Lektion | C19: Auftrag 5 | G19: Filme / Theorie
C20: * Aufgabe 4.5
C21: * Aufgabe 4.6
C22: * Ansage Prüfung / Lernziele | G22: Lernziele / Prüfung
C23: * Individuelles Lernen für Prüfung
C25: Lernziele
C26: Sie kennen die Grundlagen der Z-Mass Methode und wenden diese in einfachen Beispielen an.
B28: Hausaufgaben | E28: Administratives

Sheet ST_16_KW_25
B1: Unterrichtsverlauf | E1: =Kompetenzraster!Q35 -> 46552 | G1: 16
B3: Exkursionstag
B5: 1 - 3 Lektion
C36: Lernziele
C37: * Sie kennen die Herkunft und die Herstellung von Eisen.
B38: Hausaufgaben | E38: Administratives

Sheet ST_17_KW_26
B1: Unterrichtsverlauf | E1: =Kompetenzraster!Q37 -> 46559 | G1: 17
B3: Kanalisation & Abwasseraufbereitung | G3: 2.7
B5: 1 - 3 Lektion | C5: Auftrag 3 | G5: Filme / Theorie
C6: * Auftrag Leistungsnachweis Funktion der ARA
C12: Lernziele
C13: Sie erklären die Funktionsweise der Abwassereinigungsanlage.
B15: Pause
B17: Arbeitsvorbereitung | G17: 2.2
B19: 4 - 5 Lektion | C19: * Individuelle Vorbereitung für Prüfung AVOR | G19: Filme / Theorie
C24: Prüfung Auftrag 2.2 | F24: 60min
C25: Lernziele
C26: Sie kennen die Grundlagen der Z-Mass Methode und wenden diese in einfachen Beispielen an.
B28: Hausaufgaben | E28: Administratives

Sheet ST_18_KW_27
B1: Unterrichtsverlauf | E1: =Kompetenzraster!Q39 -> 46566 | G1: 18
B3: Repetition 2. Semester | G3: 2.11
B5: 1 - 3 Lektion | C5: Auftrag 1 | G5: Filme / Theorie
C6: * Gruppenbildung
C7: Auftrag 2-4
C8: * Unterlagen erstellen / Präsentation vorbereiten
C10: Hinweis Semesterabschluss / Zeugnisbesprechung
C12: Lernziele
C13: • Sie erklären den Bauablauf, benennen beteiligte Fachpersonen
C14: und berechnen das Volumen einfacher Behältnisse.
C15: • Sie erläutern relevante Vorschriften, erklären die Funktion von Armaturen
C16: und interpretieren einfache Ausführungs- und Einlegepläne.
C17: • Sie beschreiben die Eigenschaften von Dämmmaterialien,
C18: erklären die Funktion von Abwassersystemen und erläutern die
C19: Problematik von Rückstausicherungen.
B20: Pause
B22: Repetition 2. Semester | G22: 2.11
B24: 4 - 5 Lektion | G24: Filme / Theorie
C29: Lernziele
B32: Hausaufgaben | E32: Administratives

Sheet ST_19_KW_28
B1: Unterrichtsverlauf | E1: 45833 | G1: 19
B3: Repetition 2. Semester | G3: 2.11
B5: 1 - 3 Lektion | C5: Auftrag 5 | G5: Filme / Theorie
C6: * Austausch in der Gruppe
C10: Zeugnisbesprechung
C12: Lernziele
C13: • Sie erklären den Bauablauf, benennen beteiligte Fachpersonen
C14: und berechnen das Volumen einfacher Behältnisse.
C15: • Sie erläutern relevante Vorschriften, erklären die Funktion von Armaturen
C16: und interpretieren einfache Ausführungs- und Einlegepläne.
C17: • Sie beschreiben die Eigenschaften von Dämmmaterialien,
C18: erklären die Funktion von Abwassersystemen und erläutern die
C19: Problematik von Rückstausicherungen.
B20: Pause
B22: Repetition 2. Semester | G22: 2.11
B24: 4 - 5 Lektion | G24: Filme / Theorie
C29: Lernziele
B32: Hausaufgaben | E32: Administratives

Sheet ST_20_KW_29
B1: Unterrichtsverlauf | E1: =Kompetenzraster!Q39 -> 46566 | G1: 19
B3: Kanalisation & Abwasseraufbereitung | G3: 2.7
B5: 1 - 3 Lektion | G5: Filme / Theorie
C6: Film:
C7: Das Toiletten Tabu
C12: Lernziele
B15: Pause
B19: 4 - 5 Lektion | G19: Filme / Theorie
C20: Exkursion Reservoir Speicherstrasse
C25: Lernziele
B28: Hausaufgaben | E28: Administratives

Sheet Aufgaben_Teams
B1: Aufgaben Teams
B4: Auftrag 2.1 | C4: Lernziele: - Sie beschreiben einen Bauablauf und erklären die Schnittstellen zu anderen Gewerken. - Sie benennen die Rollen der am Bau beteiligten Fachpersonen. - Sie berechnen das Volumen verschiedener Behältnisse. Abzugebende Leistungsnachweise: - Übersicht «Schnittstellen & Personen » - Bestandene elektronische Lernzielkontrolle
B6: Punkte
B7: 2
B17: Auftrag 2.2 | C17: Lernziele: - Sie kennen die Grundlagen der Z-Mass Methode und wenden diese in einfachen Beispielen an. - Sie erstellen selbstständig einfache Z-Mass Vorfabrikationszeichnungen inkl. Rohrlängen und Stückliste. - Sie erstellen selbstständig anspruchsvolle Z-Mass Vorfabrikationszeichnungen inkl. Rohrlängen und Stückliste. Abzugebende Leistungsnachweise: - Abgabe der Fachzeichnung «Leistungsnachweis» - Abgabe von 3 korrigierten Fachzeichnungen (Auswahl 3.3 – 4.6)
B19: Punkte
B20: 3
B33: Auftrag 2.3 | C33: Lernziele: - Sie erläutern die Vorschriften in Bezug auf den Schallschutz bei Wasserleitungen. - Sie erläutern die Vorschriften in Bezug auf den baulichen Brandschutz. - Sie beschreiben die Inhalte der aktuellen Vorschriften in Bezug auf die Wasserleitungs- installation. Abzugebende Leistungsnachweise: - Lernprodukt «Übersicht – Die Brandschutzmanschette»
B35: Punkte
B36: 1
B51: Auftrag 2.4 | C51: Lernziele: - Sie erklären den Zweck und die Funktion verschiedener Armaturen für Wasserleitungen. Abzugebende Leistungsnachweise: - Lernprodukt «Vortrag»
B53: Punkte
B54: 2
B60: Auftrag 2.5 | C60: Lernziele: - Sie interpretieren einfache Aussparungspläne für die Installation von Wasserleitungen. - Sie interpretieren einfache Montage- und Einlegepläne für die Installation von Wasserleitungen. Abzugebende Leistungsnachweise: - Lernprodukt «Cast – Planarten auf der Baustelle »
B62: Punkte
B63: 1
B70: Auftrag 2.6 | C70: Lernziele: - Sie beschreiben die Vorschriften in Bezug auf die Installation von Entsorgungsleitungen. - Sie beschreiben Einsatzgebiete, und Eigenschaften der Dämmmaterialien für Entsorgungsleitungen. Abzugebende Leistungsnachweise: - Leistungsnachweis «Anschlussleitungen»
B72: Punkte
B73: 2
B79: Auftrag 2.7 | C79: Lernziele: - Sie beschreiben die Funktionsweise der Abwasserentsorgung. - Sie erläutern die Problematik der Rückstauhöhen. - Sie erklären die Funktionsweise der Abwasserreinigungsanlage. Abzugebende Leistungsnachweise: - Leistungsnachweis «Funktion der Abwasserreinigung»
B81: Punkte
B82: 2
B89: Auftrag 2.9 | C89: Lernziele: - Sie erläutern die Unterschiede und den Sinn und Zweck der verschiedenen Rapport Arten. - Sie benennen Apparate, Armaturen und Garnituren sowie deren Bestandteile. - Sie erstellen einen Materialauszug aufgrund einer typischen Baustellensituation. - Sie erstellen ein Materialausmass anhand von verschiedenen Beispielen. Abzugebende Leistungsnachweise: - Leistungsnachweis «Regierapport 1»
B91: Punkte
B92: 1
B101: Auftrag 2.11 | C101: Lernziele: - Sie erklären den Bauablauf, benennen beteiligte Fachpersonen und berechnen das Volumen einfacher Behältnisse. - Sie erläutern relevante Vorschriften, erklären die Funktion von Armaturen und interpretieren einfache Ausführungs- und Einlegepläne. - Sie beschreiben die Eigenschaften von Dämmmaterialien, erklären die Funktion von Abwassersystemen und erläutern die Rückstauebene Abzugebende Leistungsnachweise: - Flipchart pro Gruppe & Thema - Fragekarten 8-12 Fragen inklusive Antworten - Visuelle Zusammenfassung des Themas
B103: Punkte
B104: 6
