Workbook

Sheet Kompetenzraster
B1: Kompetenzraster 3.Semester Sanitärinstallateur/in EFZ | I1: Semesterstart: | J1: 45516 | K1: Schultag: | L1: Montag | U1: SAI2B
B3: Handlungsfelder und Kompetenzen | M3: Bewertung / Benotung | Q3: Unterichtsplanung 1. Semester
B5: HF1 | E5: Auftrag 3.1 | G5: Auftrag 3.2 | I5: Auftrag 3.3 | M5: Zeugnisnote | Q5: =J1+0 -> 45516 | R5: Pläne lesen und verstehen
E6: 6 Schultage (12L) | G6: 8 Schultage (16L) | I6: 2 Schultage (4L) | M6: Die Zeugnisnote setzt sich aus den Leistungsnachweisen und Kompetenzprüfungen zusammen. Die Note aus den Leistungsnachweisen zählt zu ca. 30% an die Zeugnisnote. Alle Noten der Prüfungen zählen zu ca. 60% an die Zeugnisnote. | Q6: 3.4 3.1 | R6: Detailplanung Apparate
B7: Planen der Arbeiten | E7: Sie benennen die relevanten Anforderungen an die Apparatemontage (z.B. bauliche Voraussetzungen, Schallschutz). | F7: Sie bestimmen anhand von Beispielen den Platzbedarf, Achsabstände und Montagehöhen von Apparaten und den zugehörigen Garnituren. | G7: Sie erstellen selbstständig anspruchsvolle Z-Mass Vorfabrikationszeichnungen inkl. Rohrlängen und Stückliste. | I7: Sie berechnen rechtwinklige Dreiecke. (K3) | J7: Sie berechnen Dreiecke und bestimmen das Gefälle von Entsorgungsleitungen. | Q7: =Q5+7 -> 45523 | R7: Die Druckprüfung nach Richtlinie W3
Q8: 3.5 3.1 | R8: Detailplanung Apparate
Q9: =Q7+7 -> 45530 | R9: Die Druckprüfung nach Richtlinie W3
Q10: 3.5 3.1 | R10: Detailplanung Apparate
Q11: =Q9+7 -> 45537 | R11: Die Druckprüfung nach Richtlinie W3
Q12: 3.5 3.1 | R12: Detailplanung Apparate
Q13: =Q11+7 -> 45544 | R13: Die Druckprüfung nach Richtlinie W3
B14: HF2 | E14: Auftrag 3.4 | G14: Auftrag 3.5 | I14: Auftrag 3.6 | M14: Leistungsnachweise | Q14: 3.5 3.1 | R14: Detailplanung Apparate
E15: 1 Schultage (3L) | G15: 4 Schultage (12L) | I15: 4 Schultage (12L) | M15: Die Note der Leistungsnachweise entsteht aus den während des Semestes erzielten Punkten. | Q15: =Q13+7 -> 45551 | R15: Der Weg meines Wassers bis in mein Haus
B16: Installieren von Wasserleitungen | E16: Sie interpretieren einfache Montage- und Einlegepläne für die Installation von Wasserleitungen. | F16: Sie interpretieren einfache Aussparungspläne für die Installation von Wasserleitungen. | G16: Sie beschreiben den Unterschied zwischen Ruhedruck und Fliessdruck. (K2) | H16: Sie erläutern die für eine Druckprüfung relevanten Inhalte der SVGW-Richtlinie W3. (K2) | I16: Sie beschreiben die verschiedenen Verteilsysteme für Warmwasser. (K2) | J16: Sie beschreiben das korrekte Vorgehen zur Überprüfung der Ausstosszeiten. (K2) | Q16: 3.7 3.1 | R16: Detailplanung Apparate
Q17: =Q15+7 -> 45558 | R17: Der Weg meines Wassers bis in mein Haus
Q18: 3.7 3.3 | R18: Dreiecksberechnung und Gefällsberechnungen
G19: Sie berechnen den Druck unter Berücksichtigung der Kompressibilität des Wassers. (K3) | H19: Sie erläutern die für eine Inbetriebnahme relevanten Inhalte der SVGW-Richtlinie W3. (K2) | I19: Sie beschreiben Anwendungen und Eigenschaften der Dämmmaterialien für Wasserleitungen. (K2) | J19: Sie erläutern die Vorschriften in Bezug auf die Dämmstärken für Warmwasser- und Kaltwasserleitungen. (K2) | M19: Planen der Arbeiten | Q19: =Q17+28 -> 45586 | R19: Der Weg meines Wassers bis in mein Haus
M20: Auftrag 3.1 | N20: 3 | Q20: 3.7 3.3 | R20: Dreiecksberechnung und Gefällsberechnungen
M21: Auftrag 3.2 | N21: 3 | Q21: =Q19+7 -> 45593 | R21: Verteilsysteme und Ausstosszeiten
M22: Auftrag 3.3 | N22: 2 | Q22: 3.6 3.2 | R22: AVOR Z-Mass
B23: HF2 | E23: Auftrag 3.7 | G23: Auftrag 3.8 | M23: Total Punkte | N23: =SUM(N20:O22) -> 8 | Q23: =Q21+7 -> 45600 | R23: Verteilsysteme und Ausstosszeiten
E24: 3 Schultage (9L) | G24: 2 Schultage (6L) | Q24: 3.6 3.2 | R24: AVOR Z-Mass
B25: Installieren von Wasserleitungen | E25: Sie beschreiben die Inhalte der aktuellen Vorschriften in Bezug auf die Wasserleitungsinstallation. (K2) | F25: Sie erläutern die Gefahren, die von ver-schmutztem Wasser ausgehen können (z.B. durch Schmutzwasserverbindungen). (K2) | G25: Sie beschreiben die Problematik der Korrosion bei Wasserleitungen. | M25: Montieren von Sanitäranlagen | Q25: =Q23+7 -> 45607 | R25: Verteilsysteme und Ausstosszeiten
M26: Auftrag 3.4 | Q26: 3.6 3.2 | R26: AVOR Z-Mass
M27: Auftrag 3.5 | Q27: =Q25+7 -> 45614 | R27: Verteilsysteme und Ausstosszeiten
M28: Auftrag 3.6 | Q28: 3.6 3.2 | R28: AVOR Z-Mass
M29: Auftrag 3.7 | Q29: =Q27+7 -> 45621 | R29: Korrosion und die Folgen
M30: Auftrag 3.8 | Q30: 3.8 3.2 | R30: AVOR Z-Mass
M31: Total Punkte | N31: =SUM(N26:O30) -> 0 | Q31: =Q29+7 -> 45628 | R31: Korrosion und die Folgen
B32: HF5 / HF6 / HF7 | E32: Auftrag 3.9 | H32: Auftrag 3.10 | Q32: 3.8 3.2 | R32: AVOR Z-Mass
E33: 2 Schultage (6L) | H33: 2 Schultage (6L) | Q33: =Q31+7 -> 45635 | R33: Rapportieren von Arbeiten
B34: Installieren von Vorwandsystemen | E34: Sie erstellen ein Materialausmass anhand von verschiedenen Beispielen. | F34: Sie beschreiben die Material-Eigenschaften von Apparaten (z.B. Keramik, Kunststoff). | G34: Sie beschreiben Einsatzmöglichkeiten und Funktion von Entnahme-Armaturen unter Berücksichtigung der Energie- und Trinkwassereffizienz. (K2) | H34: Sie beschreiben die handelsüblichen Vorwandsysteme. (K2) | I34: Sie beschreiben die für Vorwände relevanten Inhalte der Schall- und Brandschutzvorschriften. (K2) | J34: Sie erklären, wie und mit welchen Materialien Vorwände beplankt werden. | Q34: 3.9 3.2 | R34: AVOR Z-Mass
Q35: =Q33+21 -> 45656 | R35: Rapportieren von Arbeiten
B36: Montieren von sanitären Anlagen und Apparaten | Q36: 3.9 3.2 | R36: AVOR Z-Mass
E37: Sie erstellen einen einfachen Materialauszug aufgrund einer typischen Baustellensituation. | H37: Sie erläutern die Befestigungstechnik und Schallschutzmassnahmen bei Vorwänden. | I37: Sie erklären, wie und mit welchen Materialien die Hohlräume der Vorwände gedämmt werden. | J37: Sie erklären, wie und mit welchen Materialien Anschlüsse abgedichtet werden. | Q37: =Q35+7 -> 45663 | R37: Vorwände montieren
B38: Durchführen von Abschlussarbeiten | Q38: 3.10 3.2 | R38: AVOR Z-Mass
Q39: =Q37+7 -> 45670 | R39: Vorwände montieren / Besprechung Zeugnis
B41: Fachgruppe Sanitär Spengler | K41: itm I sanitärlernen.ch

Sheet Aufgaben_Teams
B1: Aufgaben Teams
B4: Auftrag 3.1 | C4: Lernziele: - Sie benennen die relevanten Anforderungen an die Apparatemontage (z.B. bauliche Voraussetzungen, Schallschutz). - Sie bestimmen anhand von Beispielen den Platzbedarf, Achsabstände und Montagehöhen von Apparaten und den zugehörigen Garnituren. - Sie kennen die relevanten Achsmasse, Abstände und Montagehöhen der wichtigsten sanitären Apparate. Abzugebende Leistungsnachweise: - Leistungsnachweis «Detailplanung Badezimmer»
B6: Punkte
B7: 3
B16: Auftrag 3.2 | C16: Lernziele: - Sie erstellen selbstständig anspruchsvolle Z-Mass Vorfabrikations- zeichnungen inkl. Rohrlängen und Stückliste. Abzugebende Leistungsnachweise: - Abgabe von 4 korrigierten Fachzeichnungen / Auswahl 5.3 – 5.7
B18: Punkte
B19: 3
B23: Auftrag 3.3 | C23: Lernziele: - Sie berechnen Dreiecke und bestimmen das Gefälle von Entsorgungsleitungen anhand von Beispielen. - Sie interpretieren einfache Grundrisspläne. Lernprodukte. Abzugebende Leistungsnachweise: - Leistungsnachweis «Gefällsberechnungen in Plänen»
B25: Punkte
B26: 1
B32: Auftrag 3.4 | C32: Lernziele: - Sie interpretieren einfache Aussparungspläne für die Installation von Wasserleitungen. - Sie interpretieren einfache Montage- und Einlegepläne für die Installation von Wasserleitungen. Abzugebende Leistungsnachweise: - Leistungsnachweis «Kellerverteilung für Abrechnung»
B34: Punkte
B35: 2
B41: Auftrag 3.5 | C41: Lernziele: - Sie beschreiben den Unterschied zwischen Ruhedruck und Fliessdruck. - Sie berechnen den Druck unter Berücksichtigung der Kompressibilität des Wassers. - Sie erläutern die für die Druckprüfung relevanten Inhalte der SVGW Richtlinie W3. - Sie erläutern die für eine Inbetriebnahme relevanten Inhalte der SVGW Richtlinie W3 Wasserleitungen. Abzugebende Leistungsnachweise: - Leistungsnachweis «Bestandene Online Lernzielkontrolle » - Leistungsnachweis «Video einer Druckprüfung mit Inbetriebnahme»
B43: Punkte
B44: 3
B56: Auftrag 3.6 | C56: Lernziele: - Sie beschreiben die verschiedenen Verteilsysteme für Warmwasser. - Sie beschreiben das korrekte Vorgehen zur Überprüfung der Ausstosszeiten. - Sie beschreiben Anwendungen und Eigenschaften der Dämmmaterialien für Wasserleitungen. - Sie erläutern die Vorschriften in Bezug auf die Dämmstärken für Warmwasser- und Kaltwasserleitungen. Abzugebende Leistungsnachweise: - Leistungsnachweis «Ausstosszeiten berechnen» - Leistungsnachweis «Dämmungen in der Haustechnik»
B58: Punkte
B59: 3
B71: Auftrag 3.7 | C71: Lernziele: - Sie beschreiben die Inhalte der aktuellen Vorschriften in Bezug auf die aktuelle Wasserleitungsinstallation. - Sie erläutern die Gefahren, die von verschmutztem Wasser ausgehen können in Bezug auf die Wasserleitungsinstallation. Abzugebende Leistungsnachweise: - Leistungsnachweis «Der Weg meines Wassers bis in mein Haus »
B73: Punkte
B74: 2
B81: Auftrag 3.8 | C81: Lernziele: - Sie beschreiben die Problematik der Korrosion bei Wasserleitungen. Abzugebende Leistungsnachweise: - Leistungsnachweis «Stellungnahme Schadenfall»
B83: Punkte
B84: 2
B87: Auftrag 3.9 | C87: Lernziele: - Sie beschreiben Einsatzmöglichkeiten und Funktion von Entnahmearmaturen unter Berücksichtigung der Energie- und Trinkwassereffizienz. - Sie beschreiben die Materialeigenschaften von Apparaten. (z.B. Keramik, Kunststoff). - Sie erstellen einen Materialauszug aufgrund einer typischen Baustellensituation. - Sie erstellen ein Materialausmass anhand von verschiedenen Beispielen. Abzugebende Leistungsnachweise: - Leistungsnachweis «Praxisauftrag»
B89: Punkte
B90: 2
B98: Auftrag 3.10 | C98: Lernziele: - Sie beschreiben die handelsüblichen Vorwandsysteme. - Sie erläutern die Befestigungstechnik und Schallschutzmassnahmen bei Vorwänden. - Sie erklären, wie und mit welchen Materialien Vorwände beplankt werden. - Sie erklären, wie und mit welchen Materialien die Hohlräume der Vorwände gedämmt werden. - Sie erklären, wie und mit welchen Materialien Anschlüsse abgedichtet werden. Abzugebende Leistungsnachweise: - Leistungsnachweis «Cast Vorwandmontage»
B100: Punkte
B101: 2

Sheet ST_1_KW_33
B1: Unterrichtsverlauf | E1: 44063 | G1: 1
B3: Pläne lesen und verstehen | F3: 3.4 | G3: Filme / Theorie
B5: 1 - 3 Lektion
C6: Auftrag 1
C7: * Einstieg mit Repetition der Planarten
C9: Auftrag 2
C10: * Wichtigste Symbole kennen lernen!
C11: * Auftrag 8 & 9 / Verteilbatterie zeichnen
C13: * Hinweis Leistungsnachweis / Auftrag der Weg meines Wassers
C14: Lernziele
C15: * Sie interpretieren einfache Aussparungspläne für die Installation von Wasserleitungen.
C16: * Sie interpretieren einfache Montagepläne für die Installation von Wasserleitungen.
B18: Pause
B20: Detailplanung Apparate | F20: 3.1 | G20: Filme / Theorie
B22: 4 - 5 Lektion
C23: Auftrag 1
C24: * Einstieg mit Übung im Schulhaus / Anlagen und Apparate
C25: * Wichtige Apparatemasse und Höhen auf A3 besprechen
C27: Auftrag 2
C28: * Gemeinsames Aufzeichnen eines Apparates
C31: Lernziele
C32: * Sie benennen die relevanten Anforderungen an die Apparatemontage.
C33: * Sie bestimmen anhand von Beispielen den Platzbedarf, Achsabstände und Montagehöhen
C34: von Apparaten und den zugehörigen Garnituren.
B35: Hausaufgaben | E35: Administratives

Sheet ST_2_KW_34
B1: Unterrichtsverlauf | E1: =Kompetenzraster!Q7 -> 45523 | G1: 2
B3: Druckprüfung nach W3 | F3: 3.5 | G3: Filme / Theorie
B5: 1 - 3 Lektion
C6: Auftrag 1
C7: * Gemeinsamer Einstieg / Vorwissen aktivieren
C8: * Versuch zur Veranschaulichung "statischer Druck"
C9: * Herleitung Unterschied statischer Druck und Fliessdruck
C11: Auftrag 2 | G11: Lernziele / Prüfung
C12: * Erste Berechnungen gemeinsam lösen
C14: Lernziele
C15: * Sie beschreiben das Verhältnis von Druck, Fläche und der daraus resultierenden Kraft.
C16: * Sie berechnen den Druck unter Berücksichtigung der Kompressibilität des Wassers.
B18: Pause
B20: Detailplanung Apparate | F20: 3.1 | G20: Filme / Theorie
B22: 4 - 5 Lektion
C23: Auftrag 2
C24: * Einstieg mit Korrektur Aufgabe 4 / WC Anlage
C25: * Weiter zeichnen mit Aufgabe 5/6/7
C31: Lernziele
C32: * Sie benennen die relevanten Anforderungen an die Apparatemontage.
C33: * Sie bestimmen anhand von Beispielen den Platzbedarf, Achsabstände und Montagehöhen
C34: von Apparaten und den zugehörigen Garnituren.
B35: Hausaufgaben | E35: Administratives

Sheet ST_3_KW_35
B1: Unterrichtsverlauf | E1: =Kompetenzraster!Q9 -> 45530 | G1: 3
B3: Druckprüfung nach W3 | F3: 3.5 | G3: Filme / Theorie
B5: 1 - 3 Lektion | C5: Prüfung Auftrag 3.4 | F5: 20min
C6: Auftrag 2
C7: * 1. Einstieg mit Quizacademy ( 15 Sekunden)
C8: * 2. Probleme " Ruhedruck besprechen / lösen"
C10: Auftrag 3
C11: * Einstieg mit Film "Sanitär flutet Wohnung (LM Zusatz)"
C12: * Versuch zur Herleitung "Druck auf Flächen"
C15: Lernziele
C16: * Sie beschreiben das Verhältnis von Druck, Fläche und der daraus resultierenden Kraft.
C17: * Sie berechnen den Druck unter Berücksichtigung der Kompressibilität des Wassers.
B19: Pause
B21: Detailplanung Apparate | F21: 3.1 | G21: Filme / Theorie
B23: 4 - 5 Lektion
C24: Auftrag 2
C25: * Einstieg mit gemeinsamer Aufgabe Nr. 8
C26: * Weiter zeichnen mit Beispielen aus Auftrag
C32: Lernziele
C33: * Sie benennen die relevanten Anforderungen an die Apparatemontage.
C34: * Sie bestimmen anhand von Beispielen den Platzbedarf, Achsabstände und Montagehöhen
C35: von Apparaten und den zugehörigen Garnituren.
B36: Hausaufgaben | E36: Administratives

Sheet ST_4_KW_36
B1: Unterrichtsverlauf | E1: =Kompetenzraster!Q11 -> 45537 | G1: 4
B3: Druckprüfung nach W3 | F3: 3.5 | G3: Filme / Theorie
B5: 1 - 3 Lektion
C6: Auftrag 4
C7: * Einstieg mit Expertenpuzzle " Die drei Varianten der Druckprobe"
C8: * Gemeinsames notieren "Ablauf aller drei Druckproben"
C9: * Druckprobe im Demoraum gemeinsam durchführen / Besprechen
C11: Auftrag 5
C12: * Hinweis Leistungsnachweis
C14: Lernziele
C15: * Sie beschreiben die drei Varianten der Druckprobe nach W3.
C16: * Sie kennen die wichtigsten hygienischen Massnahmen der Druckprobe.
C17: * Sie berechnen den Druck unter Berücksichtigung der Kompressibilität des Wassers.
B18: Pause
B20: Detailplanung Apparate | F20: 3.1 | G20: Filme / Theorie
B22: 4 - 5 Lektion
C23: Auftrag 2
C24: * Einstieg mit gemeinsamer Aufgabe Nr. 9
C25: * Weiter zeichnen mit Beispielen aus Auftrag
C31: Lernziele
C32: * Sie benennen die relevanten Anforderungen an die Apparatemontage.
C33: * Sie bestimmen anhand von Beispielen den Platzbedarf, Achsabstände und Montagehöhen
C34: von Apparaten und den zugehörigen Garnituren.
B35: Hausaufgaben | E35: Administratives

Sheet ST_5_KW_37
B1: Unterrichtsverlauf | E1: =Kompetenzraster!Q13 -> 45544 | G1: 5
B3: Druckprüfung nach W3 | F3: 3.5 | G3: Filme / Theorie
B5: 1 - 3 Lektion
C6: Auftrag 6
C7: * Inbetriebnahme - Einstiegsdiskussion
C8: * selbstständige Bearbeitung Kernfragen
C10: Auftrag 7
C11: * Ruhedruck- und Druck auf Flächen üben / evtl. Probleme lösen | G11: Lernziele / Prüfung
C12: * Elektronische Lernzielkontrolle ausfüllen => LN!
C14: Lernziele
C15: * Sie erläutern die für eine Inbetriebnahme relevanten Inhalte.
C16: * Sie kennen die wichtigsten hygienischen Massnahmen der Druckprobe.
C17: * Sie berechnen den Druck unter Berücksichtigung der Kompressibilität des Wassers.
B18: Pause
B20: Detailplanung Apparate | F20: 3.1 | G20: Filme / Theorie
B22: 4 - 5 Lektion
C23: Auftrag 2
C24: * Einstieg mit gemeinsamer Aufgabe Nr. 11
C25: * Hinweis auf Leistungsnachweis / Übung für Prüfung
G28: Lernziele / Prüfung
C29: * Nächste Woche Prüfung / Lernziele beachten!
C31: Lernziele
C32: * Sie benennen die relevanten Anforderungen an die Apparatemontage.
C33: * Sie bestimmen anhand von Beispielen den Platzbedarf, Achsabstände und Montagehöhen
C34: von Apparaten und den zugehörigen Garnituren.
B35: Hausaufgaben | E35: Administratives

Sheet ST_6_KW_38
B1: Unterrichtsverlauf | E1: =Kompetenzraster!Q15 -> 45551 | G1: 6
B3: Weg des Wassers ins Haus | F3: 3.7 | G3: Filme / Theorie
B5: 1 - 3 Lektion | C5: Prüfung / Forms / Auftrag 3.5 | F5: 30min
C7: Auftrag 1
C8: * Einstieg mit Blick in die W3 Norm
C9: * Wichtige Artikel beschreiben und auf Baustelle adaptieren
C10: * Schmutzwasserverbindung
C12: Auftrag 2
C13: * Hinweis zur Semesterarbeit | E13: Start nächste Woche!
C14: Lernziele
C15: * Sie erläutern die Gefahren, die von verschmutztem Wasser ausgehen können in
C16: Bezug auf die Wasserleitungsinstallation.(K2)
B18: Pause
B20: Detailplanung Apparate | F20: 3.1 | G20: Filme / Theorie
B22: 4 - 5 Lektion
C23: Auftrag 2
C24: * Einstieg mit Hinweisen zum Leistungsnachweis
C30: Prüfung Auftrag 3.1 | F30: 60min
C31: Lernziele
C32: * Sie benennen die relevanten Anforderungen an die Apparatemontage.
C33: * Sie bestimmen anhand von Beispielen den Platzbedarf, Achsabstände und Montagehöhen
C34: von Apparaten und den zugehörigen Garnituren.
B35: Hausaufgaben | E35: Administratives

Sheet ST_7_KW_39
B1: Unterrichtsverlauf | E1: =Kompetenzraster!Q17 -> 45558 | G1: 7
B3: Weg des Wassers ins Haus | F3: 3.7 | G3: Filme / Theorie
B5: 1 - 3 Lektion
C6: Auftrag 2
C7: *Selbstständige Arbeit an Semesterarbeit
C14: Lernziele
C15: * Sie erläutern die Gefahren, die von verschmutztem Wasser ausgehen können in
C16: Bezug auf die Wasserleitungsinstallation.(K2)
B18: Pause
B20: Dreieck & Gefällsberechnung | F20: 3.3 | G20: Filme / Theorie
B22: 4 - 5 Lektion
C23: Auftrag 1
C24: * Einstieg mit Beispiel aus der Praxis
C25: * Dreiecksberechnung nach Pythagoras herleiten & Übungen
C26: * Dreiecksberechnung mit 1.414 herleiten & Übungen
C31: Lernziele
C32: * Sie berechnen Dreiecke und bestimmen das Gefälle von Entsorgungsleitungen
C33: anhand von Beispielen.
B35: Hausaufgaben | E35: Administratives

Sheet ST_8_KW_43
B1: Unterrichtsverlauf | E1: =Kompetenzraster!Q19 -> 45586 | G1: 8
B3: Weg des Wassers ins Haus | F3: 3.7 | G3: Filme / Theorie
B5: 1 - 3 Lektion
C6: Auftrag 2
C7: *Selbstständige Arbeit an Semesterarbeit
C8: *Letzte Gelegenheit für Arbeit während Unterricht
C9: *Abgabe gem. Datum Teams Aufgabe!
C12: 30min früher in Auftrag 3.3 einsteigen….
C14: Lernziele
C15: * Sie erläutern die Gefahren, die von verschmutztem Wasser ausgehen können in
C16: Bezug auf die Wasserleitungsinstallation.(K2)
B18: Pause
B20: Dreieck & Gefällsberechnung | F20: 3.3 | G20: Filme / Theorie
B22: 4 - 5 Lektion | C22: Auftrag 2
C23: Aufgabe 12 & 13 zum Einstieg lösen / Repetition
C25: Auftrag 3
C26: * Einstieg mit Beispiel aus der Praxis
C27: * Gefällsberechnung herleiten und gemeinsam lösen
C28: * Übungen zur Gefällsberechnung
C29: * Hinweis zum Leistungsnachweis
C31: Lernziele
C32: * Sie berechnen Dreiecke und bestimmen das Gefälle von Entsorgungsleitungen
C33: anhand von Beispielen.
B35: Hausaufgaben | E35: Administratives

Sheet ST_9_KW_44
B1: Unterrichtsverlauf | E1: =Kompetenzraster!Q21 -> 45593 | G1: 9
B3: Verteilsysteme Warmwasser | F3: 3.6 | G3: Filme / Theorie
B5: 1 - 3 Lektion
C6: Auftrag 1
C7: * Einstieg mit Verteilsystemen / Klasse im Demoraum
C8: * Aufgaben 1 -5 / Klasse halbiert / Betrachtung im Demoraum
C9: * Gemeinsames Herleiten und Besprechen der Frischwasserstation
C14: Lernziele
C15: * Sie beschreiben die verschiedenen Verteilsysteme für Warmwasser.
B18: Pause
B20: Arbeitsvorbereitung Z - Mass | F20: 3.2 | G20: Filme / Theorie
B22: 4 - 5 Lektion
C23: Auftrag 1
C24: * Einstieg mit Situation 45°
C25: * Schräge Leitungen zeigen inkl. Übungen
C31: Lernziele
C32: * Sie erstellen selbstständig anspruchsvolle Z-Mass Vorfabrikationszeichnungen
C33: inkl. Rohrlängen und Stücklisten.
B35: Hausaufgaben | E35: Administratives

Sheet ST_10_KW_45
B1: Unterrichtsverlauf | E1: =Kompetenzraster!Q23 -> 45600 | G1: 10
B3: Verteilsysteme Warmwasser | F3: 3.6 | G3: Filme / Theorie
B5: 1 - 3 Lektion
C6: Auftrag 1
C7: * Besprechung Übersicht Frischwasserstation zum Eintieg
C9: Auftrag 2
C10: * Gemeinsamer Einstieg mit Diskussion (Frage 7)
C11: * Berechnung Rohrinhalt via Formel / Zylinder (Frage 8)
C12: * Übungen zum Thema / Repetition 2.Semester
C13: * Leitungsinhalt bestimmen mit Tabelle
C14: Lernziele
C15: * Sie beschreiben das korrekte Vorgehen zur Überprüfung der Ausstosszeiten.
B18: Pause
B20: Arbeitsvorbereitung Z - Mass | F20: 3.2 | G20: Filme / Theorie
B22: 4 - 5 Lektion
C23: Auftrag 2
C24: * Aufgaben 5.1 & 5.2
C25: * Dreiecksberechnungen / Übungen
C26: * Evtl. Beginn mit Aufgabe Classic
C31: Lernziele
C32: * Sie erstellen selbstständig anspruchsvolle Z-Mass Vorfabrikationszeichnungen
C33: inkl. Rohrlängen und Stücklisten.
B35: Hausaufgaben | E35: Administratives

Sheet ST_11_KW_46
B1: Unterrichtsverlauf | E1: =Kompetenzraster!Q25 -> 45607 | G1: 11
B3: Verteilsysteme Warmwasser | F3: 3.6 | G3: Filme / Theorie
B5: 1 - 3 Lektion
C6: Auftrag 3
C7: * Einstieg mit dem Berechnen von Ausstosszeiten
C8: * Übungsbeispiele aus Auftrag lösen
C9: * Hinweis auf zusätzliche freiwillige Übungen
C11: Auftrag 4
C12: * Hinweis zum Leistungsnachweis
C14: Lernziele
C15: * Sie beschreiben das korrekte Vorgehen zur Überprüfung der Ausstosszeiten.
B18: Pause
B20: Arbeitsvorbereitung Z - Mass | F20: 3.2 | G20: Filme / Theorie
B22: 4 - 5 Lektion
C23: Auftrag 2
C24: * Aufgabe 5.3 "Classic"
G28: Lernziele / Prüfung
C31: Lernziele
C32: * Sie erstellen selbstständig anspruchsvolle Z-Mass Vorfabrikationszeichnungen
C33: inkl. Rohrlängen und Stücklisten.
B35: Hausaufgaben | E35: Administratives

Sheet ST_12_KW_47
B1: Unterrichtsverlauf | E1: =Kompetenzraster!Q27 -> 45614 | G1: 12
B3: Verteilsysteme Warmwasser | F3: 3.6 | G3: Filme / Theorie
B5: 1 - 3 Lektion | C5: * Einstieg Quiz Academy
C7: Auftrag 3
C8: * Hinweis auf zusätzliche Übungen
C9: Auftrag 4
C10: * Hinweis zum Leistungsnachweis
C11: Auftrag 5
C12: * Einstieg mit Versuch Dämmungen | G12: Lernziele / Prüfung
C13: * Selbstständiges Erstellen einer MindMap zum Thema Dämmungen
C15: Lernziele
C16: * Sie beschreiben das korrekte Vorgehen zur Überprüfung der Ausstosszeiten.
B19: Pause
B21: Arbeitsvorbereitung Z - Mass | F21: 3.2 | G21: Filme / Theorie
C23: Auftrag 2
C24: * Aufgabe 5.4 "Verteilbatterie"
C30: 1. Prüfung Auftrag 3.2 | F30: 60 min
C31: Lernziele
C32: * Sie erstellen selbstständig anspruchsvolle Z-Mass Vorfabrikationszeichnungen
C33: inkl. Rohrlängen und Stücklisten.
B35: Hausaufgaben | E35: Administratives

Sheet ST_13_KW_48
B1: Unterrichtsverlauf | E1: =Kompetenzraster!Q29 -> 45621 | G1: 13
B3: Korrosion von Wasserleitungen | F3: 3.8 | G3: Filme / Theorie
B5: 1 - 3 Lektion | C5: Prüfung Auftrag 3.6 | F5: 30 min
C7: Auftrag 1
C8: * Einstieg Korrosion mit Leseauftrag Lehrmittel
C9: * Selbstständige Beantwortung Fragen 1-4 / inkl. Korrektur im Plenum
C10: * Betrachtung Sauerstoffkorrosion mit Film
C11: * Selbstständige Beantwortung Fragen 5-8 / inkl. Betrachtung Versuch
C12: * Betrachtung Kontaktkorrosion mit Film
C13: * Selbstständige Beantwortung Fragen 9-13 / inkl. Betrachtung Versuche
C15: Lernziele
C17: * Sie beschreiben die Problematik der Korrosion bei Wasserleitungen.
B19: Pause
B21: Arbeitsvorbereitung Z - Mass | F21: 3.2 | G21: Filme / Theorie
B23: 4 - 5 Lektion
C24: Auftrag 2
C25: * Aufgabe 5.5 "Werkstatt"
C31: Lernziele
C32: * Sie erstellen selbstständig anspruchsvolle Z-Mass Vorfabrikationszeichnungen
C33: inkl. Rohrlängen und Stücklisten.
B35: Hausaufgaben | E35: Administratives

Sheet ST_14_KW_49
B1: Unterrichtsverlauf | E1: =Kompetenzraster!Q31 -> 45628 | G1: 14
B3: Korrosion von Wasserleitungen | F3: 3.8 | G3: Filme / Theorie
B5: 1 - 3 Lektion | C5: Einstieg mit Kreuzworträtsel
C7: Auftrag 2
C8: * Einstieg mit Korrosionsbeispielen aus der Praxis
C9: * Betrachtung Wasserschaden und Problematik
C11: Auftrag 4
C12: * Auftrag Leistungsnachweis "Stellungnahme"
C14: * Hinweis zum Leistungsnachweis 3.9 (Praxisauftrag planen)
C15: Lernziele
C17: * Sie beschreiben die Problematik der Korrosion bei Wasserleitungen.
B19: Pause
B21: Arbeitsvorbereitung Z - Mass | F21: 3.2 | G21: Filme / Theorie
B23: 4 - 5 Lektion
C24: Auftrag 2
C25: * Aufgabe 5.6 "Küche und Keller"
C32: Lernziele
C33: * Sie erstellen selbstständig anspruchsvolle Z-Mass Vorfabrikationszeichnungen
C34: inkl. Rohrlängen und Stücklisten.
B36: Hausaufgaben | E36: Administratives

Sheet ST_15_KW_50
B1: Unterrichtsverlauf | E1: =Kompetenzraster!Q33 -> 45635 | G1: 15
B3: Rapportieren von Arbeiten | F3: 3.9 | G3: Filme / Theorie
B5: 1 - 3 Lektion
C6: Auftrag 1
C7: * Einstieg mit Video "Armaturenherstellung Hansgrohe"
C8: * Fragen 1-5 beantworten / Funktion Keramikscheiben im Plenum
C9: * Übersicht Auslaufarmaturen erstellen
C10: Auftrag 2
C11: * Thema "Energietikette" bei Armaturen.
C12: * Fragen 7-12 beantworten / Besprechung im Plenum
C13: * Hinweis zum Leistungsnachweis
C14: Lernziele
C15: * Sie beschreiben Einsatzmöglichkeiten und Funktion von Entnahmearmaturen
C16: unter Berücksichtigung der Energie- und Trinkwassereffizienz. (K2)
B18: Pause
B20: Arbeitsvorbereitung Z - Mass | F20: 3.2 | G20: Filme / Theorie
B22: 4 - 5 Lektion
C23: Auftrag 2
C24: * Aufgabe 5.7 "Separat WC Anlage"
C31: Lernziele
C32: * Sie erstellen selbstständig anspruchsvolle Z-Mass Vorfabrikationszeichnungen
C33: inkl. Rohrlängen und Stücklisten.
B35: Hausaufgaben | E35: Administratives

Sheet ST_16_KW_1
B1: Unterrichtsverlauf | E1: =Kompetenzraster!Q35 -> 45656 | G1: 16
B3: Rapportieren von Arbeiten | F3: 3.9 | G3: Filme / Theorie
B5: 1 - 3 Lektion
C6: Auftrag 3
C7: * Praxisbeispiele "Material bestellen & AVOR
C8: * Blick in NPK Normen / Ausführung Aufgaben mit Herstellernummern
C9: * Aufgabe 13 & 14 lösen inkl. Besprechung
C11: Auftrag 4
C12: * Hinweis Leistungsnachweis / Praxisrapport
C14: Lernziele
C15: * Sie erstellen ein Materialausmass anhand von verschiedenen Beispielen.
C16: * Sie erstellen einen einfachen Materialauszug aufgrund einer typischen Baustellensituation.
B18: Pause
B20: Arbeitsvorbereitung Z - Mass | F20: 3.2 | G20: Filme / Theorie
B22: 4 - 5 Lektion
C23: Auftrag 4
C24: * Aufgabe 5.6 "Lüftung"
G28: Lernziele / Prüfung
C31: Lernziele
C32: * Sie erstellen selbstständig anspruchsvolle Z-Mass Vorfabrikationszeichnungen
C33: inkl. Rohrlängen und Stücklisten.
B35: Hausaufgaben | E35: Administratives

Sheet ST_17_KW_2
B1: Unterrichtsverlauf | E1: 44572 | G1: 17
B3: Vorwände montieren | F3: 3.1 | G3: Filme / Theorie
B5: 1 - 3 Lektion
C6: Auftrag 1
C7: * Einstieg mit Partnerarbeit "Vorwissen Vorwände"
C9: Auftrag 2
C10: * Einblick in die Theorie / Vorwände
C11: * MinMap / Cast erstellen / relevante Punkte
C13: Lernziele
C14: * Sie beschreiben die handelsüblichen Vorwandsysteme.
C15: * Sie erläutern die Befestigungstechnik und den Schallschutz bei Vorwänden.
C16: * Sie erläutern die Beplankung und Ausflockung von Vorwänden.
C17: * Sie erläutern die Abdichtung von Anschlüssen bei Vorwänden.
B18: Pause
B20: Arbeitsvorbereitung Z - Mass | F20: 3.2 | G20: Filme / Theorie
B22: 4 - 5 Lektion
C23: Prüfungsvorbereitung
C24: * Individuelle Zeit für Vorbereitung
C30: 2. Prüfung Auftrag 3.2 | F30: 70min
C31: Lernziele
C32: * Sie erstellen selbstständig anspruchsvolle Z-Mass Vorfabrikationszeichnungen
C33: inkl. Rohrlängen und Stücklisten.
B35: Hausaufgaben | E35: Administratives

Sheet ST_18_KW_3
B1: Unterrichtsverlauf | E1: =Kompetenzraster!Q39 -> 45670 | G1: 18
B3: Vorwände montieren | F3: 3.1 | G3: Filme / Theorie
B5: 1 - 3 Lektion | C5: Auftrag 3
C6: * Einstieg mit Video / Fakten zum Thema Vorwand
C7: Auftrag 4
C8: * Cast zum Thema Vorwände erstellen
C9: * Erhöhte Anforderungen besprechen!
C10: * Abgabe Cast spätestens um 11.15 Uhr!
C13: Lernziele
C14: * Sie beschreiben die handelsüblichen Vorwandsysteme.
C15: * Sie erläutern die Befestigungstechnik und den Schallschutz bei Vorwänden.
C16: * Sie erläutern die Beplankung und Ausflockung von Vorwänden.
C17: * Sie erläutern die Abdichtung von Anschlüssen bei Vorwänden.
B18: Pause
B20: Vorwände montieren | F20: 3.1 | G20: Filme / Theorie
B22: 4 - 5 Lektion
C31: Lernziele
C32: * Sie erstellen selbstständig anspruchsvolle Z-Mass Vorfabrikationszeichnungen
C33: inkl. Rohrlängen und Stücklisten.
B35: Hausaufgaben | E35: Administratives
