Workbook

Sheet Kompetenzraster
B1: Kompetenzraster 8.Semester Sanitärinstallateur/in EFZ | I1: Semesterstart: | J1: 46426 | K1: Schultag: | L1: Montag
B3: Handlungsfelder und Kompetenzen | M3: Bewertung / Benotung | Q3: Unterichtsplanung 8. Semester
B5: Position 1 | E5: Auftrag 8.1 | M5: Note Leistungsnachweis | Q5: =J1 -> 46426 | R5: Lernkarten Abschluss I TopinSan / Einrichtung…
E6: 3 Schultage (9L) | M6: Die Note aus den Leistungsnachweisen berechnet sich aus den während des Semestes erzielten Punkten. | Q6: 8.9
B7: Planen der Arbeiten | E7: Grundrissbearbeitung Sie zeichnen einfache Installationspläne unter Berücksichtigung der relevanten Vorschriften. | G7: Leitungsschema Sie zeichnen einfache Schemapläne unter Berücksichtigung der relevanten Vorschriften. | I7: Rohrweitenbestimmung Sie bestimmen die Rohrweiten von Trinkwasser- Schmutzwasser- und Gasleitungen anhand der geltenden Vorschriften | Q7: =Q5+7 -> 46433 | R7: Inbetriebnahme, Wartung und Service
Q8: 8.7 I 8.1 | R8: Grundrissberabeitung
Q9: =Q7+7 -> 46440 | R9: Inbetriebnahme, Wartung und Service
M10: Auftrag 8.1 | N10: 3 | O10: 3 | Q10: 8.7 I 8.1 | R10: Leitungsschema
M11: Auftrag 8.2 | N11: 3 | O11: 3 | Q11: =Q9+7 -> 46447 | R11: Inbetriebnahme, Wartung und Service
M12: Auftrag 8.7 | N12: 3 | O12: 3 | Q12: 8.7 I 8.1 | R12: Rohrweitenbestimmung
M13: Auftrag 8.8 | N13: 3 | O13: 3 | Q13: =Q11+7 -> 46454 | R13: Fachgespräch
B14: Position 1 | E14: Auftrag 8.2 | M14: Auftrag 8.9 | N14: 3 | O14: 3 | Q14: 8.8 I 8.2 | R14: sanitärtechnische Berechnungen
E15: 3 Schultage (9L) | M15: Auftrag 8.10 | N15: 2 | O15: 2 | Q15: =Q13+7 -> 46461 | R15: Fachgespräch
B16: Planen der Arbeiten | E16: sanitärtechnische Berechnungen | G16: Arbeitsvorbereitung | I16: Detailplan | M16: Auftrag 8.11 | N16: 2 | O16: 2 | Q16: 8.8 I 8.2 | R16: Arbeitsvorbereitung
M17: Auftrag 8.12 | N17: 2 | O17: 2 | Q17: =Q15+7 -> 46468 | R17: Fachgespräch
Q18: 8.8 I 8.2 | R18: Detailplan
M19: Note | N19: =(SUM(O10:O18)*5)/SUM(N10:N18)+1 -> 6 | O19: =IF(N19>3.5,N19,(O22)) -> 6 | Q19: =Q17+7 -> 46475
Q20: 8.10
Q21: =Q19+7 -> 46482
O22: X | Q22: 8.11
B23: Position 3 | E23: Auftrag 8.7 | I23: Auftrag 8.9 | M23: Noten Prüfungen | Q23: =Q21+21 -> 46503
E24: 3 Schultage (9L) | I24: 1 Schultage (5L) | M24: Zu einzelnen Aufträgen wird im Unterricht eine Zwischenprüfung geschrieben. | Q24: 8.12
B25: Inbetriebnahme, Wartung und Service | E25: Handlungsfelder 6.1 -6.7 | I25: QV Vorbereitung Apparatemontage & Abschlussarbeiten Sie erstellen selbstständig Lernkarten zu den Grundlagenkenntnissen im Bereich Trinkwasserleitungen und Planen der Arbeiten. | Q25: =Q23+7 -> 46510
Q27: =Q25+7 -> 46517 | R27: QV Vorbereitung Pos 1
M28: Zeugnisnote
M29: Die Note aus den Lernprodukten zählt zu 30%. Alle Noten der Prüfungen zählen zu 60%. | Q29: =Q27+7 -> 46524 | R29: QV Vorbereitung Pos 1
Q31: =Q29+7 -> 46531 | R31: QV Vorbereitung Pos 1
B32: Position 4 | E32: Auftrag 8.8 | H32: Auftrag 8.10 | I32: Auftrag 8.11 | J32: Auftrag 8.12 | K32: Auftrag 24
E33: 3 Schultage (9L) | H33: 1 Schultag | I33: 1 Schultag | J33: 1 Schultag | K33: 1 Schultag | M33: Gesetzliche Feiertage | Q33: =Q31+7 -> 46538 | R33: QV Vorbereitung Pos 1
B34: Fachgespräch | E34: Alle Handlungsfelder | H34: Aufgabe | I34: Aufgabe | J34: Aufgabe | K34: Aufgabe | M34: Allerheiligen | N34: 45597
M35: Karfreitag | N35: 45380 | Q35: =Q33+7 -> 46545 | R35: Individuelle Vorbereitung
M36: Ostermontag | N36: 45383
H37: Pläne | I37: Pläne | J37: Pläne | K37: Pläne | M37: Auffahrt | N37: 45421 | Q37: =Q35+7 -> 46552 | R37: Qualifikationsverfahren
M38: Pfingstmontag | N38: 45432
B41: Fachgruppe Sanitär Spengler | K41: itm I sanitärlernen.ch

Sheet ST_1_KW_6
B1: Unterrichtsverlauf | E1: 44966 | G1: 1
B3: QV Vorbereitung | F3: 8.9 | G3: Filme / Theorie
B5: 1 - 3 Lektion
C6: Auftrag 1
C7: * Übersicht Kompetenzen / Vermittlung Idee / Einteilung => Teams
C9: Auftrag 2
C10: * Arbeit an den Antworten in Kleingruppen
C12: Auftrag 3
C13: * Lernkarten drucken und zuschneiden
C14: Lernziele
C15: * Sie finalisieren die Fragekarten komplett & Schliessen die Themen ab
C16: * Sie erhalten ihre Lernkarten zur Vorbereitung auf das Qualifikationsverfahren
B18: Pause
B20: Arbeit an Praxisaufträgen | F20: 8.8 | G20: Filme / Theorie
B22: 4 - 5 Lektion
C23: Auftrag 1
C24: * Übersicht erhalten über die unterschiedlichen Praxisaufträge
C25: * Eigene Praxisaufträge sichten, verbessen und finalisieren
C27: Auftrag 2
C28: * Login TopinSan kontrollieren ggfs. erneuen
C31: Lernziele
C32: * Sie haben eine Übersicht über die vorhandenen Praxisaufträge
C33: * Sie eine sinnvolle Auswahl an Praxisaufträgen getroffen
C34: * Erste oder alle Praxisaufträge sind erledigt
B36: Hausaufgaben | E36: Administratives

Sheet ST_2_KW_7
B1: Unterrichtsverlauf | E1: =Kompetenzraster!Q7 -> 46433 | G1: 2
B3: Service & Inbetriebnahme | F3: 8.7 | G3: Filme / Theorie
B5: 1 - 3 Lektion
C6: Einstieg
C7: => Wie wird am QV gefragt?
C9: Auftrag 1
C10: * Einführung Idee / Auftrag
C11: * Erstellung von 3 Lernvideos pro Auftrag
C14: Lernziele
C15: * Alle Handlungsfelder gemäss Auftrag 8.7
B18: Pause
B20: Einfache Installationspläne erst. | F20: 8.1 | G20: Filme / Theorie
C23: Auftrag 1
C24: * Grundriss 2020
C25: * Grundriss 2022
C27: Auftrag 2
C28: * Login TopinSan kontrollieren ggfs. erneuen
C31: Lernziele
C32: * Sie zeichnen einfache Installationspläne unter Berücksichtigung der relevanten Vorschriften.
B36: Hausaufgaben | E36: Administratives

Sheet ST_3_KW_8
B1: Unterrichtsverlauf | E1: =Kompetenzraster!Q9 -> 46440 | G1: 3
B3: Service & Inbetriebnahme | F3: 8.7 | G3: Filme / Theorie
B5: 1 - 3 Lektion
C6: Auftrag 1
C7: * Einführung Idee / Auftrag
C8: * Erstellung von 3 Lernvideos pro Auftrag
C14: Lernziele
C15: * Alle Handlungsfelder gemäss Auftrag 8.7
B18: Pause
B20: Einfache Installationspläne erst. | F20: 8.1 | G20: Filme / Theorie
B22: 4 - 5 Lektion
C23: Auftrag 2
C24: * Schema 2020
C25: * Schema 2022
C27: Auftrag 2
C28: * Login TopinSan kontrollieren ggfs. erneuen
C31: Lernziele
C32: * Sie zeichnen einfache Installationspläne unter Berücksichtigung der relevanten Vorschriften.
B36: Hausaufgaben | E36: Administratives

Sheet ST_4_KW_9
B1: Unterrichtsverlauf | E1: =Kompetenzraster!Q9 -> 46440 | G1: 4
B3: Service & Inbetriebnahme | F3: 8.7 | G3: Filme / Theorie
B5: 1 - 3 Lektion
C6: Auftrag 1
C7: * Einführung Idee / Auftrag
C8: * Erstellung von 3 Lernvideos pro Auftrag
G11: Lernziele / Prüfung
C14: Lernziele
C15: * Alle Handlungsfelder gemäss Auftrag 8.7
B18: Pause
B20: Einfache Installationspläne erst. | F20: 8.1 | G20: Filme / Theorie
B22: 4 - 5 Lektion
C23: Auftrag 2
C24: * Dimensionieren 2020
C25: * Dimensionieren 2022
C27: Auftrag 2
C28: * Login TopinSan kontrollieren ggfs. erneuen | G28: Lernziele / Prüfung
C31: Lernziele
C32: * Sie zeichnen einfache Installationspläne unter Berücksichtigung der relevanten Vorschriften.
B36: Hausaufgaben | E36: Administratives

Sheet ST_5_KW_10
B1: Unterrichtsverlauf | E1: =Kompetenzraster!Q13 -> 46454 | G1: 5
B3: Service & Inbetriebnahme | F3: 8.8 | G3: Filme / Theorie
B5: 1 - 3 Lektion | C5: Prüfung Auftrag 8.7 | F5: 45min
C6: Prüfung Auftrag 8.1 | F6: 30min
C8: Auftrag 1
C9: * Einführung Idee / Auftrag
C10: * Erstellung von 1 Lernvideos "Vorstellung Projekt"
C14: Lernziele
C15: * Alle Handlungsfelder gemäss Auftrag 8.7
B18: Pause
B20: Einfache Installationspläne erst. | F20: 8.2 | G20: Filme / Theorie
B22: 4 - 5 Lektion
C23: Auftrag 1
C24: * Fachrechnen Serie A
C25: * Fachrechnen Serie B
C31: Lernziele
C32: * Sie zeichnen einfache Installationspläne unter Berücksichtigung der relevanten Vorschriften.
B36: Hausaufgaben | E36: Administratives

Sheet ST_6_KW_11
B1: Unterrichtsverlauf | E1: =Kompetenzraster!Q15 -> 46461 | G1: 6
B3: Service & Inbetriebnahme | F3: 8.8 | G3: Filme / Theorie
B5: 1 - 3 Lektion
C6: Auftrag 2
C7: * Einführung Idee / Auftrag
C8: * Erstellung von je 2 Lernvideos "Praxisauftrag"
C14: Lernziele
C15: * Alle Handlungsfelder gemäss Auftrag 8.7
B18: Pause
B20: Einfache Installationspläne erst. | F20: 8.2 | G20: Filme / Theorie
B22: 4 - 5 Lektion
C23: Auftrag 2
C24: * Aufgabe AVOR Z-Mass
C25: oder
C26: * Aufgabe AVOR X-Mass
C31: Lernziele
C32: * Sie zeichnen einfache Installationspläne unter Berücksichtigung der relevanten Vorschriften.
B36: Hausaufgaben | E36: Administratives

Sheet ST_7_KW_12
B1: Unterrichtsverlauf | E1: =Kompetenzraster!Q17 -> 46468 | G1: 7
B3: Service & Inbetriebnahme | F3: 8.8 | G3: Filme / Theorie
B5: 1 - 3 Lektion
C6: Auftrag 2
C7: * Vollendung Auftrag
C8: * Erstellung von je 2 weiteren Lernvideos "Praxisauftrag"
C14: Lernziele
C15: * Alle Handlungsfelder gemäss Auftrag 8.7
B18: Pause
B20: Einfache Installationspläne erst. | F20: 8.2 | G20: Filme / Theorie
B22: 4 - 5 Lektion
C23: Auftrag 3
C24: * Aufgabe Detailplan 1 von zwei
C27: Alle Leistungsnachweise abgeben bis 11.50 Uhr!
C29: Unterlagen richten für QV Probleäufe!
C31: Lernziele
C32: * Sie zeichnen einfache Installationspläne unter Berücksichtigung der relevanten Vorschriften.
B36: Hausaufgaben | E36: Administratives

Sheet ST_8_KW_13
B1: Vorbereitung QV | E1: =Kompetenzraster!Q19 -> 46475 | G1: 8
B3: Position 1 | G3: 8.1
B5: 1 - 3 Lektion | C5: Aufgabe 1 | D5: Grundrissbearbeitung | E5: 07.40 Uhr | F5: 08.40 Uhr | G5: 60min
C6: Aufgabe 2 | D6: Leitungsschema | E6: 08.40 Uhr | F6: 09.20 Uhr | G6: 40min
C7: Aufgabe 3 | D7: Dimens. Wasser / WAS | E7: 09.20 Uhr | F7: 09.45 Uhr | G7: 25min
C8: Aufgabe 4 | D8: Dimens. Erdgas | E8: 09.45 Uhr | F8: 09.55 Uhr | G8: 15min
B13: Pause
B15: 4 - 5 Lektion | C15: Aufgabe 5 | D15: Sanitärtechnische Ber. | E15: 10.15 Uhr | F15: 10.20 Uhr | G15: 5min
C16: Aufgabe 6 | D16: Sanitärtechnische Ber. | E16: 10.20 Uhr | F16: 10.25 Uhr | G16: 5min
C17: Aufgabe 7 | D17: Sanitärtechnische Ber. | E17: 10.25 Uhr | F17: 10.30 Uhr | G17: 5min
C18: Aufgabe 8 | D18: Sanitärtechnische Ber. | E18: 10.30 Uhr | F18: 10.35 Uhr | G18: 5min
C20: Aufgabe 9 | D20: AVOR X-Mass | E20: 10.35 Uhr | F20: 11.55Uhr | G20: 80min
B23: Zuhause
B25: Korrektur
C26: Hauptdokument | D26: Aufgaben (5/6/7/8)
C29: Planunterlagen | D29: Aufgaben (1/2/3/4/9)

Sheet ST_9_KW_14 
B1: Vorbereitung QV | E1: =Kompetenzraster!Q21 -> 46482 | G1: 9
B3: Position 1 | G3: 8.11
B5: 1 - 3 Lektion | C5: Aufgabe 1 | D5: Grundrissbearbeitung | E5: 07.40 Uhr | F5: 08.40 Uhr | G5: 60min
C6: Aufgabe 2 | D6: Leitungsschema | E6: 08.40 Uhr | F6: 09.20 Uhr | G6: 40min
C7: Aufgabe 3 | D7: Dimens. Wasser / WAS | E7: 09.20 Uhr | F7: 09.45 Uhr | G7: 25min
C8: Aufgabe 4 | D8: Dimens. Erdgas | E8: 09.45 Uhr | F8: 09.55 Uhr | G8: 15min
B13: Pause
B15: 4 - 5 Lektion | C15: Aufgabe 5 | D15: Sanitärtechnische Ber. | E15: 10.15 Uhr | F15: 10.20 Uhr | G15: 5min
C16: Aufgabe 6 | D16: Sanitärtechnische Ber. | E16: 10.20 Uhr | F16: 10.25 Uhr | G16: 5min
C17: Aufgabe 7 | D17: Sanitärtechnische Ber. | E17: 10.25 Uhr | F17: 10.30 Uhr | G17: 5min
C18: Aufgabe 8 | D18: Sanitärtechnische Ber. | E18: 10.30 Uhr | F18: 10.35 Uhr | G18: 5min
C20: Aufgabe 9 | D20: AVOR X-Mass | E20: 10.35 Uhr | F20: 11.55Uhr | G20: 80min
B23: Zuhause
B25: Korrektur
C26: Hauptdokument | D26: Aufgaben (5/6/7/8)
C29: Planunterlagen | D29: Aufgaben (1/2/3/4/9)

Sheet ST_10_KW_15
B1: Vorbereitung QV | E1: =Kompetenzraster!Q23 -> 46503 | G1: 10
B3: Position 1 | G3: 8.12
B5: 1 - 3 Lektion | C5: Aufgabe 1 | D5: Grundrissbearbeitung | E5: 07.40 Uhr | F5: 08.40 Uhr | G5: 60min
C6: Aufgabe 2 | D6: Leitungsschema | E6: 08.40 Uhr | F6: 09.20 Uhr | G6: 40min
C7: Aufgabe 3 | D7: Dimens. Wasser / WAS | E7: 09.20 Uhr | F7: 09.45 Uhr | G7: 20min
C8: Aufgabe 4 | D8: Dimens. Erdgas | E8: 09.45 Uhr | F8: 09.55 Uhr | G8: 15min
B13: Pause
B15: 4 - 5 Lektion | C15: Aufgabe 5 | D15: Sanitärtechnische Ber. | E15: 10.15 Uhr | F15: 10.20 Uhr | G15: 5min
C16: Aufgabe 6 | D16: Sanitärtechnische Ber. | E16: 10.20 Uhr | F16: 10.25 Uhr | G16: 5min
C17: Aufgabe 7 | D17: Sanitärtechnische Ber. | E17: 10.25 Uhr | F17: 10.30 Uhr | G17: 5min
C18: Aufgabe 8 | D18: Sanitärtechnische Ber. | E18: 10.30 Uhr | F18: 10.35 Uhr | G18: 5min
C20: Aufgabe 9 | D20: AVOR X-Mass | E20: 10.35 Uhr | F20: 11.55Uhr | G20: 80min
B23: Zuhause
B25: Korrektur
C26: Hauptdokument | D26: Aufgaben (5/6/7/8)
C29: Planunterlagen | D29: Aufgaben (1/2/3/4/9)

Sheet ST_11_KW_16
B1: Vorbereitung QV | E1: =Kompetenzraster!Q25 -> 46510 | G1: 11
B3: Position 1 | G3: QV 2024
B5: 1 - 3 Lektion | C5: Aufgabe 1 | D5: Grundrissbearbeitung | E5: 07.40 Uhr | F5: 08.40 Uhr | G5: 60min
C6: Aufgabe 2 | D6: Leitungsschema | E6: 08.40 Uhr | F6: 09.20 Uhr | G6: 40min
C7: Aufgabe 3 | D7: Dimens. Wasser / WAS | E7: 09.20 Uhr | F7: 09.45 Uhr | G7: 20min
C8: Aufgabe 4 | D8: Dimens. Erdgas | E8: 09.45 Uhr | F8: 09.55 Uhr | G8: 15min
B13: Pause
B15: 4 - 5 Lektion | C15: Aufgabe 5 | D15: Sanitärtechnische Ber. | E15: 10.15 Uhr | F15: 10.20 Uhr | G15: 5min
C16: Aufgabe 6 | D16: Sanitärtechnische Ber. | E16: 10.20 Uhr | F16: 10.25 Uhr | G16: 5min
C17: Aufgabe 7 | D17: Sanitärtechnische Ber. | E17: 10.25 Uhr | F17: 10.30 Uhr | G17: 5min
C18: Aufgabe 8 | D18: Sanitärtechnische Ber. | E18: 10.30 Uhr | F18: 10.35 Uhr | G18: 5min
C20: Aufgabe 9 | D20: AVOR X-Mass | E20: 10.35 Uhr | F20: 11.55Uhr | G20: 80min
B23: Zuhause
B25: Korrektur
C26: Hauptdokument | D26: Aufgaben (5/6/7/8)
C29: Planunterlagen | D29: Aufgaben (1/2/3/4/9)

Sheet ST_12_KW_17 
B1: Vorbereitung QV | E1: =Kompetenzraster!Q27 -> 46517 | G1: 12
B3: Position 3 / 4
B5: 1 - 5 Lektion
D8: Individuelle Prüfungsvorbereitung

Sheet Aufgaben_Teams
B1: Aufgaben Teams
B4: Auftrag 8.1 | C4: Lernziele: - Grundrissbearbeitung - Leitungsschema - Rohrweitenbestimmung Abzugebende Leistungsnachweise: - Leistungsnachweis «1 sauber gelöste Aufgabe pro Auftrag»
B6: Punkte
B7: 3
B8: Zuweisung
B9: =Kompetenzraster!Q7 -> 46433
B10: Abgabe
B11: =Kompetenzraster!Q13-1 -> 46453
B13: Auftrag 8.2 | C13: Lernziele: - Sanitärtechnische Berechnungen - Arbeitsvorbereitung AVOR Z/X-Mass - Detailplan erstellen Abzugebende Leistungsnachweise: - Leistungsnachweis «1 sauber gelöste Aufgabe pro Auftrag»
B15: Punkte
B16: 3
B17: Zuweisung
B18: =Kompetenzraster!Q13 -> 46454
B19: Abgabe
B20: =Kompetenzraster!Q19-1 -> 46474
B22: Auftrag 8.7 | C22: Lernziele: - Trinkwasserleitungen in Betrieb nehmen - Apparate, Entnahmearmaturen und Garnituren montieren Abzugebende Leistungsnachweise: - Individueller Leistungsnachweis "3 Erklärvideos pro Lernender "
B24: Punkte
B25: 3
B26: Zuweisung
B27: 44995
B28: Abgabe
B29: 45022
B31: Auftrag 8.8 | C31: Lernziele: - Sämtliche Kompetenzen der Bildungsverordnung Abzugebende Leistungsnachweise: - Individueller Leistungsnachweis "5 Erklärvideos pro Lernender "
B33: Punkte
B34: 3
B35: Zuweisung
B36: =Kompetenzraster!Q13 -> 46454
B37: Abgabe
B38: =Kompetenzraster!Q19-1 -> 46474
B40: Auftrag 8.9 | C40: Lernziele: - Vernetzende Kompetenzen gemäss Auftrag Abzugebende Leistungsnachweise: - Leistungsnachweis "Lernkarten"
B42: Punkte
B43: 1
B44: Zuweisung
B45: =Kompetenzraster!Q14 -> 8.8 I 8.2
B46: Abgabe
B47: =Kompetenzraster!Q16-1 -> #VALUE!
