Workbook

Sheet Kompetenzraster
B1: Kompetenzraster 1.Semester Sanitär- & Spenglerpraktiker | I1: Semesterstart: | J1: 45516 | K1: Schultag: | L1: Donnerstag | Q1: Klasse: SAP/SSP
B3: Handlungsfelder und Kompetenzen | O3: Unterichtsplanung 1. Semester
B5: HF 1 (PDA) | E5: Auftrag 1.1 | G5: Auftrag 1.2 | I5: Auftrag 1.6 | L5: Auftrag 1.12 | O5: =J1+3 -> 45519 | P5: Auftrag 1.12
E6: 5 Schultage (15L) | G6: 3 Schultage (9L) | I6: 10 Schultage (20L) | L6: 1 Schultag (4L) | O6: Programm | P6: 1. Schultag / ICT Kompetenzen
B7: Planen der Arbeiten | E7: Sie schätzen das Gewicht von unterschiedlichen Komponenten ab. | F7: Sie berechnen Längen- und Höhenmasse. | G7: Sie beschreiben einen Bauablauf und erklären die Schnittstellen zu anderen Gewerken. | I7: Sie verstehen die Grundlagen des technischen Zeichnens und können diese anwenden. | J7: Sie können die drei Ansichten aus der Vorgabe einer Normalprojektion erstellen. | K7: Sie können aus der Vorgabe der drei Ansichten dreidimensionale Körper erstellen. | L7: Sie beherschen ihr Arbeitsgerät (Convertible) und können die Software korrekt bedienen. | O7: =O5+7 -> 45526 | P7: Auftrag 1.12 | R7: Auftrag 1.1 | T7: Auftrag 1.3
O8: Programm | P8: ICT Kompetenz | R8: Abfälle trennen & ents. | T8: Leitern und Gerüste
O9: =O7+7 -> 45533 | P9: Auftrag 1.1 | R9: Auftrag 1.5 | T9: Auftrag 1.3
E10: Sie berechnen Längen- und Höhenmasse. | F10: Sie berechnen den Platzbedarf (Fläche) von Apparaten und Anlagen anhand von Planvorgaben. | G10: Sie beschreiben verschiedene Planarten der Baustelle. | H10: Sie benennen die unterschiedlichen Akteure auf dem Bau und deren Funktion. | O10: Programm | P10: Abfälle trennen | R10: Werkzeuge & Maschinen | T10: Leitern und Gerüste
O11: =O9+7 -> 45540 | P11: Auftrag 1.1 | R11: Auftrag 1.5 | T11: Auftrag 1.3
O12: Programm | P12: Abfälle trennen | R12: Werkzeuge & Maschinen | T12: Leitern und Gerüste
O13: =O11+7 -> 45547 | P13: Auftrag 1.1 | R13: Auftrag 1.5 | T13: Auftrag 1.2
B14: HF 2 (BSU) | E14: Auftrag 1.3 | G14: Auftrag 1.4 | I14: Auftrag 1.5 | K14: Auftrag 1.7 | O14: Programm | P14: Abfälle trennen | R14: Werkzeuge & Maschinen | T14: Bauablauf & Gewerke
E15: 5 Schultage (10L) | G15: 2 Schultag (6L) | I15: 3 Schultage (9L) | K15: 2 Schultage (6L) | O15: =O13+7 -> 45554 | P15: Auftrag 1.1 | R15: Auftrag 1.5 | T15: Auftrag 1.2
B16: Berufsspezifischer Unterricht | E16: Sie erläutern die Gefahren und Risiken auf der Baustelle und in der Werkstatt. | F16: Sie beschreiben, bei welchen Situationen und Tätigkeiten, welche Bestandteile der PSA getragen werden müssen. | G16: Sie erläutern die Unterschiede und den Sinn und Zweck der verschiedenen Rapport Arten. | I16: Sie erläutern einen einfachen Stromkreislauf. | J16: Sie erläutern die Gefahren von Strom und beschreiben den Personen- und Sachschutz. | K16: Sie beschreiben die Problematik der Korrosion bei Bauschäden. | O16: Programm | P16: Abfälle trennen | R16: Werkzeuge & Maschinen | T16: Bauablauf & Gewerke
O17: =O15+7 -> 45561 | P17: Auftrag 1.1 | R17: Auftrag 1.5 | T17: Auftrag 1.2
I18: Sie kennen die gängigsten Gefahrensymbole. | O18: Programm | P18: Abfälle trennen | R18: Werkzeuge & Maschinen | T18: Bauablauf & Gewerke
G19: Sie erstellen einen Materialauszug aufgrund einer typischen Baustellensituation. | H19: Sie bestimmen die Montagezeit aufgrund von einfachen Beispielen. | J19: Sie beschreiben, bei welchen Situationen eine PSA getragen werden muss. | O19: =O17+28 -> 45589 | P19: Auftrag 1.1 | R19: Auftrag 1.4 | T19: Auftrag 1.2
I20: Sie benennen die gebräuchlichen Maschinen und Werkzeuge. | O20: Programm | P20: Abfälle trennen | R20: Rapporte erstellen | T20: Bauablauf & Gewerke
O21: =O19+7 -> 45596 | P21: Auftrag 1.1 | R21: Auftrag 1.4 | T21: Auftrag 1.6
O22: Programm | P22: Abfälle trennen | R22: Rapporte erstellen | T22: GL Fachzeichnen
B23: HF 2 (BSU) | E23: Auftrag 1.8 | O23: =O21+7 -> 45603 | P23: Auftrag 1.1 | R23: Auftrag 1.4 | T23: Auftrag 1.6
E24: 4 Schultage (12L) | O24: Programm | P24: Abfälle trennen | R24: Rapporte erstellen | T24: GL Fachzeichnen
B25: Berufsspezifischer Unterricht | E25: Auftrag folgt U.Gabler | O25: =O23+7 -> 45610 | P25: Auftrag 1.1 | R25: Auftrag 1.7 | T25: Auftrag 1.6
O26: Programm | P26: Abfälle trennen | R26: Korrosion & Bauschäden | T26: GL Fachzeichnen
E27: XY | O27: =O25+7 -> 45617 | P27: Auftrag 1.1 | R27: Auftrag 1.7 | T27: Auftrag 1.6
E28: XY | O28: Programm | P28: Abfälle trennen | R28: Korrosion & Bauschäden | T28: GL Fachzeichnen
E29: XY | O29: =O27+7 -> 45624 | P29: Auftrag 1.1 | R29: Auftrag 1.7 | T29: Auftrag 1.6
E30: XY | O30: Programm | P30: Abfälle trennen | R30: Korrosion & Bauschäden | T30: GL Fachzeichnen
O31: =O29+7 -> 45631 | P31: Auftrag 1.1 | Q31: Auftrag 1.9 | S31: Auftrag 1.8 | U31: Auftrag 1.6
B32: HF 2 (BSU) | E32: Auftrag 1.9 | O32: Programm | P32: Abfälle | Q32: Wasserversorgung | S32: Bleche & Verbind. | U32: GL FZ
E33: 4 Schultage (12L) | O33: =O31+7 -> 45638 | P33: Auftrag 1.1 | Q33: Auftrag 1.9 | S33: Auftrag 1.8 | U33: Auftrag 1.6
B34: Berufsspezifischer Unterricht | E34: Sie beschreiben die wichtigsten Eigenschaften von Wasser. | F34: Sie benennen die gängigen Vorschriften bezüglich Wasserhygiene. | P34: Abfälle | U34: GL FZ
O35: =O33+7 -> 45645 | P35: Auftrag 1.1 | Q35: Auftrag 1.9 | S35: Auftrag 1.8 | U35: Auftrag 1.6
P36: Abfälle | U36: GL FZ
E37: Sie beschreiben die Gewinnung von Trinkwasser. | F37: Sie beschreiben die Funktionsweise der Wasserversorgung. | O37: =O35+21 -> 45666 | P37: Auftrag 1.1 | Q37: Auftrag 1.9 | S37: Auftrag 1.8 | U37: Auftrag 1.6
P38: Abfälle | U38: GL FZ
O39: =O37+7 -> 45673
O41: =O39+7 -> 45680 | P41: Sport Woche / Skitag
B44: Fachgruppe Sanitär Spengler | K44: itm I sanitärlernen.ch | N44: Kanton St.Gallen Gewerbliches Berufs- und Weiterbildungszentrum

Sheet ST_1_KW33
B1: Unterrichtsverlauf | E1: =Kompetenzraster!O5 -> 45519 | G1: 1
B3: ICT Grundlagen | G3: 1.12
B5: 1 - 3 Lektion | C5: * Einstieg mit Film Digitalisierung | G5: Filme / Theorie
C6: * Installation Convertible / GBS Login der Schule
C7: * Download & Erklärung Microsoft Teams
C8: * Login und Erkärung myGBS / NESA
C10: Lernziele
C11: Sie kennen Ihren Login und können sich in den Portalen der Schule (mygbs / NESA) anmelden.
C12: Sie kennen die Plattform Microsoft Teams und myPlanner, myGBS, myDrive, myMail, MyEDU
B15: Pause
B17: ICT Grundlagen | G17: 1.12
B19: 4 - 5 Lektion | C19: * Erklärung & Einrichtung OneDrive
C20: * Erklärung & Installation OneNote
C21: * Auftrag Leistungsnachweis
C24: Lernziele
C25: Sie wissen wie man eine Aufgabe entgegennimmt und ein PDF bearbeitet.
C26: Sie wissen wie man ein Dokument auf OneDrive abspeichert und eine Aufgabe abgiebt.
B28: Hausaufgaben | E28: Administratives
E31: Nächste Woche Taschenrechner mitnehmen!

Sheet ST_2_KW34
B1: Unterrichtsverlauf | E1: =Kompetenzraster!O7 -> 45526 | G1: 2
B3: Abfälle trennen und entsorgen | G3: 1.1
B5: 1 - 3 Lektion | C5: Letzte Unsicherheiten IT / Probleme lösen | G5: Filme / Theorie
C7: Auftrag 1
C8: * Der Gebrauch des Taschenrechners & wichtige Funktionen
C9: * Übungen Lösen / Fertigkeiten vertiefen…
C12: Lernziele
C13: * Sie können den Taschenrechner bedienen kennen die wichtigsten Funktionen.
B15: Pause
B17: PSA, Leitern und Gerüste | G17: 1.3
B19: 4 - 5 Lektion | C19: * Einstieg mit Video Gefahren auf der Baustelle | G19: Filme / Theorie
C20: Auftrag 1
C21: * Vorwissen aktivieren / Gefahren der Baustelle
C23: Auftrag 2
C24: * Evtl. Einteilung Gruppen / Themen Gerüste
C26: Lernziele
C27: * Sie erläutern die Gefahren und Risiken auf der Baustelle und in der Werkstatt
B30: Hausaufgaben | E30: Administratives

Sheet ST_3_KW35
B1: Unterrichtsverlauf | E1: =Kompetenzraster!O9 -> 45533 | G1: 3
B3: Abfälle trennen und entsorgen | G3: 1.1
B5: 1.Lektion | C5: Auftrag 2 | G5: Filme / Theorie
C6: * SI - Einheiten kennen und erklären können.
C7: * Einheiten umrechnen üben & vertiefen.
C9: Lernziele
C10: Sie kennen den Sinn der SI-Einheiten und können Einheiten umrechnen.
B12: Werkzeuge und Maschinen unterhalten | G12: 1.5
B14: 2+3.Lektion | C14: Auftrag 1 | G14: Filme / Theorie
C15: * Gefahren und Unfälle auf dem Bau
C16: * Meine PSA - Bestandteile & Einsatz
C20: Lernziele
C21: • Sie beschreiben, bei welchen Situationen und Tätigkeiten die PSA getragen werden muss.
B23: Pause
B25: PSA, Leitern und Gerüste | G25: 1.3
B27: 4 - 5 Lektion | G27: Filme / Theorie
C28: Auftrag 2
C29: * Arbeit an Vorträgen / Grafiz
C32: Lernziele
C33: * Sie erläutern die Gefahren und Risiken auf der Baustelle und in der Werkstatt
B36: Hausaufgaben | E36: Administratives

Sheet ST_4_KW35
B1: Unterrichtsverlauf | E1: =Kompetenzraster!O11 -> 45540 | G1: 4
B3: Abfälle trennen und entsorgen | G3: 1.1
B5: 1.Lektion | C5: Auftrag 2 | G5: Filme / Theorie
C6: *Quiz "Einheiten umrechnen" zum Einstieg"
C7: * Einheiten (Stufe 4-5) umrechnen üben & vertiefen.
C9: Lernziele
C10: Sie kennen den Sinn der SI-Einheiten und können Einheiten umrechnen.
B12: Werkzeuge und Maschinen unterhalten | G12: 1.5
B14: 2+3.Lektion | C14: Auftrag 3 | G14: Filme / Theorie
C15: * Grundlagen Elektrotechnik erarbeiten.
C16: * Spannung, Stromstärke und Leistung kennen.
C17: Auftrag 4
C18: * Sicherung und FI Schalter kennen und unterscheiden.
C20: Lernziele
C21: • Sie beschreiben, bei welchen Situationen und Tätigkeiten die PSA getragen werden muss.
B23: Pause
B25: PSA, Leitern und Gerüste | G25: 1.3
B27: 4 - 5 Lektion | G27: Filme / Theorie
C28: Auftrag 2
C29: * Vorträge halten und Fragen im Dossier beantworten.
C32: Lernziele
C33: * Sie erläutern die Gefahren und Risiken auf der Baustelle und in der Werkstatt
B36: Hausaufgaben | E36: Administratives

Sheet ST_5_KW36
B1: Unterrichtsverlauf | E1: 45533 | G1: 4
B3: Abfälle trennen und entsorgen | G3: 1.1
B5: 1.Lektion | C5: Prüfung Einheiten | G5: Filme / Theorie
C6: Auftrag 5
C7: * Kennen und verstehen des Meterrisses / Auftrag 5
C8: * Masse aus Plänen umrechnen lernen
C9: Lernziele
C10: Sie rechnen Masse aus Plänen in Baumasse um.
B13: Werkzeuge und Maschinen unterhalten | G13: 1.5
B15: 2+3.Lektion | C15: Auftrag 5 | G15: Filme / Theorie
C16: * Tabellarische Übersicht Elektrowerkzeuge erstellen
C21: Lernziele
C22: • Sie benennen die gebräuchlichen Maschinen und Werkzeuge
B24: Pause
B26: Bauablauf & Gewerke | G26: 1.3
B28: 4 - 5 Lektion | C28: Auftrag 1 | G28: Filme / Theorie
C29: * Einstieg mit Bauablauf & Akteure
C30: Auftrag 2
C31: * Film ein Gebäude entsteht
C33: Lernziele
C34: * Sie erläutern die Gefahren und Risiken auf der Baustelle und in der Werkstatt
B37: Hausaufgaben | E37: Administratives

Sheet ST_6_KW38
B1: Unterrichtsverlauf | E1: 45554 | G1: 6
B3: Abfälle trennen und entsorgen | G3: 1.1
B5: 1.Lektion | C5: Auftrag 5 | G5: Filme / Theorie
C6: * Einsteg mit Quiz / Höhenkoten / Meteriss
C7: * Masse aus Plänen umrechnen lernen
C8: * Zusatzübungen lösen aus LM Planbearbeitung
C10: Lernziele
C11: Sie rechnen Masse aus Plänen in Baumasse um.
B13: Werkzeuge und Maschinen unterhalten | G13: 1.5
B15: 2+3.Lektion | C15: Auftrag 5 | G15: Filme / Theorie
C16: * Tabellarische Übersicht Elektrowerkzeuge fertig stellen.
C18: Auftrag 6
C19: * Gefahrensymbole kenne lernen und selbstständig üben.
C21: Lernziele
C22: • Sie benennen die gebräuchlichen Maschinen und Werkzeuge
B24: Pause
B26: Bauablauf & Gewerke | G26: 1.2
B28: 4 - 5 Lektion | C28: Auftrag 2 | G28: Filme / Theorie
C29: * Übersicht erstellen / Gewerke, Personen und Schnittstellen
C33: Lernziele
C34: * Sie erläutern die Gefahren und Risiken auf der Baustelle und in der Werkstatt
B37: Hausaufgaben | E37: Administratives

Sheet ST_7_KW39
B1: Unterrichtsverlauf | E1: 45561 | G1: 6
B3: Abfälle trennen und entsorgen | G3: 1.1
B5: 1.Lektion | G5: Filme / Theorie
C6: Abschluss Einheiten und umrechnen
C7: * Aufzeichnen des Schulzimmers im Massstab 1:50
C10: Lernziele
C11: Sie rechnen Masse aus Plänen in Baumasse um.
B13: Werkzeuge und Maschinen unterhalten | G13: 1.5
B15: 2+3.Lektion | G15: Filme / Theorie
C16: Auftrag 6
C17: * Gefahrensymbole kenne lernen und selbstständig üben.
C18: * Als Abschluss Forms Umfrage lösen. | G18: Lernziele / Prüfung
C21: Lernziele
C22: • Sie benennen die gebräuchlichen Maschinen und Werkzeuge
B24: Pause
B26: Bauablauf & Gewerke | G26: 1.2
B28: 4 - 5 Lektion | C28: Auftrag 3 | G28: Filme / Theorie
C29: * Pläne lesen und verstehen
C33: Lernziele
C34: * Sie erläutern die Gefahren und Risiken auf der Baustelle und in der Werkstatt
B37: Hausaufgaben | E37: Administratives

Sheet ST_8_KW40
B1: Unterrichtsverlauf | E1: =Kompetenzraster!O19 -> 45589 | G1: 8
B3: Abfälle trennen und entsorgen | G3: 1.1
B5: 1.Lektion | G5: Filme / Theorie
C6: Start mit Flächenberechnungen
C7: * Formeln kennen lernen und erste Beispiele rechnen
C10: Lernziele
C11: • Sie berechnen den Platzbedarf (Fläche) von Apparaten
C12: und Anlagen anhand von Planvorgaben.
G13: 1.4
B15: 2+3.Lektion | C15: Prüfung 1.5 / Maschinen und Werkzeuge | G15: Filme / Theorie
C17: Einstieg mit Sinn und Zweck von Rapporten
C18: * Unterschiedliche Rapportarten
C19: * Schwerpunkt Regierapport
C21: Lernziele
C22: • Sie benennen die gebräuchlichen Maschinen und Werkzeuge
B24: Pause
B26: Bauablauf & Gewerke | G26: 1.2
B28: 4 - 5 Lektion | C28: Auftrag 3 | G28: Filme / Theorie
C29: * Pläne lesen und verstehen
C33: Lernziele
C34: * Sie erläutern die Gefahren und Risiken auf der Baustelle und in der Werkstatt
B37: Hausaufgaben | E37: Administratives

Sheet ST_9_KW41
B1: Unterrichtsverlauf | E1: =Kompetenzraster!O21 -> 45596 | G1: 8
B3: Abfälle trennen und entsorgen | G3: 1.1
B5: 1.Lektion | G5: Filme / Theorie
C6: Erste Berechnungen gemeinsam lösen
C7: * Einstiegsbeispiele lösen
C10: Lernziele
C11: • Sie berechnen den Platzbedarf (Fläche) von Apparaten
C12: und Anlagen anhand von Planvorgaben.
B13: Rapporte erstellen | G13: 1.4
B15: 2+3.Lektion | C15: Auftrag 1 | G15: Filme / Theorie
C16: * Repetition Rapporarten
C17: * Übung 1 / 2 machen => besprechen
C18: Auftrag 2
C19: * Gemeinsames Beispiel lösen / Rapport ausfüllen!
C21: Lernziele
C22: • Sie benennen die gebräuchlichen Maschinen und Werkzeuge
B24: Pause
B26: Grundlagen Fachzeichnen | G26: 1.6
B28: 4 - 5 Lektion | C28: Auftrag 1 & 2 | G28: Filme / Theorie
C29: * Wichtige Zeichenmaterialien
C30: * Übungen Normschrift & Linienarten
C31: * Erstellen eines Plankopfes / A4
C33: Lernziele
C34: * Sie erläutern die Gefahren und Risiken auf der Baustelle und in der Werkstatt
B37: Hausaufgaben | E37: Administratives

Sheet ST_10_KW42
B1: Unterrichtsverlauf | E1: =Kompetenzraster!O23 -> 45603 | G1: 10
B3: Abfälle trennen und entsorgen | G3: 1.1
B5: 1.Lektion | G5: Filme / Theorie
C6: Auftrag 3
C7: * Einstiegsbeispiele lösen / evtl. Start mit Übungen
C10: Lernziele
C11: • Sie berechnen den Platzbedarf (Fläche) von Apparaten
C12: und Anlagen anhand von Planvorgaben.
B13: Rapporte erstellen | G13: 1.4
B15: 2+3.Lektion | G15: Filme / Theorie
C16: Auftrag 2
C17: * Gemeinsame Beispiele lösen
C18: * Leistungsnachweis erstellen
C21: Lernziele
C22: • Sie benennen die gebräuchlichen Maschinen und Werkzeuge
B24: Pause
B26: Grundlagen Fachzeichnen | G26: 1.6
B28: 4 - 5 Lektion | G28: Filme / Theorie
C29: Auftrag 2
C30: * Vermassung lernen & ausführen
C31: * Übungen lösen
C33: Lernziele
C34: * Sie erläutern die Gefahren und Risiken auf der Baustelle und in der Werkstatt
B37: Hausaufgaben | E37: Administratives

Sheet ST_11_KW42 
B1: Unterrichtsverlauf | E1: =Kompetenzraster!O25 -> 45610 | G1: 11
B3: Abfälle trennen und entsorgen | G3: 1.1
B5: 1.Lektion | G5: Filme / Theorie
C6: Auftrag 3
C7: * Beispiele Flächenberechnungen lösen.
C10: Lernziele
C11: • Sie berechnen den Platzbedarf (Fläche) von Apparaten
C12: und Anlagen anhand von Planvorgaben.
B13: Korrosion & Bauschäden | G13: 1.7
B15: 2+3.Lektion | G15: Filme / Theorie
C16: Auftrag 1
C17: * Gemeinsamer Einstieg mit Beispielen
C18: * Arten von Korrosion herleiten
C19: * Sauerstoffkorrosion betrachten inkl. Versuch
C21: Lernziele
C22: • Sie beschreiben die Problematik der Korrosion bei Bauschäden.
B24: Pause
B26: Grundlagen Fachzeichnen | G26: 1.6
B28: 4 - 5 Lektion | G28: Filme / Theorie
C29: Auftrag 2
C30: * Vermassung lernen & ausführen
C31: * Übungen & Leistungsnachweis lösen
C33: Lernziele
C34: * Sie erläutern die Gefahren und Risiken auf der Baustelle und in der Werkstatt
B37: Hausaufgaben | E37: Administratives

Sheet ST_12_KW43
B1: Unterrichtsverlauf | E1: =Kompetenzraster!O27 -> 45617 | G1: 12
B3: Abfälle trennen und entsorgen | G3: 1.1
B5: 1.Lektion | G5: Filme / Theorie
C6: Auftrag 3
C7: * Beispiele Flächenberechnungen lösen.
C10: Lernziele
C11: • Sie berechnen den Platzbedarf (Fläche) von Apparaten
C12: und Anlagen anhand von Planvorgaben.
B13: Korrosion & Bauschäden | G13: 1.7
B15: 2+3.Lektion | G15: Filme / Theorie
C16: Auftrag 1
C17: * Kontaktkorrosion kennen lernen
C18: * Erste Besipsiele behandelt
C21: Lernziele
C22: • Sie beschreiben die Problematik der Korrosion bei Bauschäden.
B24: Pause
B26: Grundlagen Fachzeichnen | G26: 1.6
B28: 4 - 5 Lektion | G28: Filme / Theorie
C29: Auftrag 3
C30: * Körpersiometrie herleiten und erste Besipele lösen
C31: * Übungen aus Auftrag
C33: Lernziele
C34: * Sie erläutern die Gefahren und Risiken auf der Baustelle und in der Werkstatt
B37: Hausaufgaben | E37: Administratives

Sheet ST_13_KW44
B1: Unterrichtsverlauf | E1: =Kompetenzraster!O29 -> 45624 | G1: 13
B3: Abfälle trennen und entsorgen | G3: 1.1
B5: 1.Lektion | G5: Filme / Theorie
C6: Auftrag 3
C7: * Beispiele Flächenberechnungen lösen. | G7: Lernziele / Prüfung
C8: * Nächste Woche Prüfung
C10: Lernziele
C11: • Sie berechnen den Platzbedarf (Fläche) von Apparaten
C12: und Anlagen anhand von Planvorgaben.
B13: Korrosion & Bauschäden | G13: 1.7
B15: 2+3.Lektion | G15: Filme / Theorie
C16: Auftrag 1
C17: * Korrosionsarten zuweisen
C18: Auftrag 2
C19: * Leistungsnachweis *Geschäftsbrief"
C21: Lernziele
C22: • Sie beschreiben die Problematik der Korrosion bei Bauschäden.
B24: Pause
B26: Grundlagen Fachzeichnen | G26: 1.6
B28: 4 - 5 Lektion | G28: Filme / Theorie
C29: Auftrag 3
C30: * Körpersiometrie Aufgabe lösen
C31: * Übungen aus Auftrag
C33: Lernziele
C34: * Sie erläutern die Gefahren und Risiken auf der Baustelle und in der Werkstatt
B37: Hausaufgaben | E37: Administratives

Sheet ST_14_KW45
B1: Unterrichtsverlauf | E1: =Kompetenzraster!O29 -> 45624 | G1: 13
B3: Abfälle trennen und entsorgen | G3: 1.1
B5: 1.Lektion | C5: Prüfung 1.1 / Flöchenberechnungen | G5: Filme / Theorie
C6: Auftrag 1.1
C7: * Start mit runden Flächen
C9: Lernziele
C10: • Sie berechnen den Platzbedarf (Fläche) von Apparaten
C11: und Anlagen anhand von Planvorgaben.
C12: 1.8 I Wasserversorg. | E12: 1.8 I GL Bleche | G12: 1.8 I 1.9
B14: 2+3.Lektion | G14: Filme / Theorie
C23: Lernziele | E23: Lernziele
C24: •
B26: Pause
B28: Grundlagen Fachzeichnen | G28: 1.6
B30: 4 - 5 Lektion | G30: Filme / Theorie
C31: Auftrag 3
C32: * Körpersiometrie Aufgabe lösen
C33: * Übungen aus Auftrag
C35: Lernziele
C36: * Sie erläutern die Gefahren und Risiken auf der Baustelle und in der Werkstatt
B39: Hausaufgaben | E39: Administratives

Sheet Aufgaben_Teams
B1: Aufgaben Teams
B4: Auftrag 1.1 | C4: Lernziele: - Sie schätzen das Gewicht von unterschiedlichen Komponenten ab. (z.B. Heizkörper, WC-Schüssel, Dachrinne, Lüftungsrohre) - Sie berechnen das Volumen verschiedener Behältnisse. - Sie berechnen Längen- und Höhenmasse. - Sie berechnen den Platzbedarf (Fläche) von Apparaten und Anlagen anhand von Planvorgaben. Abzugebende Leistungsnachweise: - Bestandene elektronische Lernzielkontrolle
B6: Punkte
B7: 0
B17: Auftrag 1.2 | C17: Lernziele: - Sie beschreiben einen Bauablauf und erklären die Schnittstellen zu anderen Gewerken. - Sie beschreiben verschiedene Planarten der Baustelle. - Sie benennen die unterschiedlichen Akteure auf dem Bau und deren Funktion. Abzugebende Leistungsnachweise: - Leistungsnachweis «Schnittstellen und Personen » - Leistungsnachweis «Planarten der Baustelle »
B19: Punkte
B20: 2
B30: Auftrag 1.3 | C30: Lernziele: - Sie erläutern die Gefahren und Risiken auf der Baustelle Ja Nein und in der Werkstatt. - Sie beschreiben, bei welchen Situationen und Tätigkeiten, Ja Nein welche Bestandteile der PSA getragen werden müssen. Abzugebende Leistungsnachweise: - Leistungsnachweis "Vortrag und Grafiz Arbeitssicherheit»
B32: Punkte
B33: 2
B41: Auftrag 1.4 | C41: Lernziele: - Sie erläutern die Unterschiede und den Sinn und Zweck der verschiedenen Rapport Arten. - Sie erstellen einen Materialauszug aufgrund einer typischen Baustellensituation. - Sie bestimmen die Montagezeit aufgrund von einfachen Beispielen. Abzugebende Leistungsnachweise: - Leistungsnachweis «Regierapport Firma»
B43: Punkte
B44: 1
B54: Auftrag 1.5 | C54: Lernziele: - Sie erläutern die Gefahren auf der Baustelle und in der Werkstatt. - Sie beschreiben, bei welchen Situationen eine getragen werden muss. - Sie erläutern einen einfachen Stromkreislauf. - Sie erläutern die Gefahren von Strom und beschreiben den Personen- und Sachschutz. - Sie kennen die gängigsten Gefahrensymbole. Abzugebende Leistungsnachweise: - Cast «Meine persönliche Schutzausrüstung PSA» - Forms Umfrage «Gefahrensymbole»
B56: Punkte
B57: 2
B68: Auftrag 1.6 | C68: Lernziele: - Sie verstehen die Grundlagen des technischen Zeichnens und können diese anwenden. - Sie können die drei Ansichten aus der Vorgabe einer Normalprojektion erstellen. - Sie können aus der Vorgabe der drei Ansichten dreidimensionale Körper erstellen. Abzugebende Leistungsnachweise: - Abgabe der Fachzeichnung «Beschriftung & Bemassung» - Abgabe der Fachzeichnung «Normprojektion» - Abgabe der Fachzeichnung «Körperisometrie»
B70: Punkte
B71: 0
B83: Auftrag 1.8 | C83: Lernziele: - XY Abzugebende Leistungsnachweise: - XY
B85: Punkte
B86: X
B94: Auftrag 1.9 | C94: Lernziele: - Sie beschreiben die wichtigsten Eigenschaften von Wasser - Sie benennen die gängigen Vorschriften bezüglich Wasserhygiene - Sie beschreiben die Trinkwassergewinnung - Sie beschreiben die Funktionsweise der Wasserversorgung Abzugebende Leistungsnachweise: - 3 Grafiz zum Thema «Trinkwassergewinnung»
B96: Punkte
B97: 3
B105: Auftrag 1.12 | C105: Lernziele: - Sie kennen Ihren Login und können sich in den Portalen der Schule (mygbs / NESA) anmelden. - Sie kennen die Plattform Microsoft Teams und finden darin die wichtigsten Bereiche. - Sie können einen Auftrag runterladen, in OneNote ablegen und barbeiteten. - Sie können einen Leistungsnachweis am korrekten Ort ablegen, bearbeiten und anschliessend in Teams abgeben, Abzugebende Leistungsnachweise: - «ICT-Kompetenzen»
B107: Punkte
B108: 0
